id,first_name,last_name,email,gender,phone_number,account,date_created
2,Fayette,Van der Hoeven,fvanderhoeven1@simplemachines.org,F,529-244-3518,2F89DY0YA57,05/09/2015
3,Gordon,Guiness,gguiness2@sciencedirect.com,M,320-908-5274,9AJ5UG1MD38,02/18/2012
4,Emmie,Harbottle,,F,544-195-6893,3H79NK0JK89,
5,Bard,Iwanowski,biwanowski4@etsy.com,M,250-462-7581,000,05/22/2000
6,Kinnie,Maclean,,M,989-350-7873,9RC0XC4RV63,10/06/2005
7,Kaylyn,Angier,kangier6@cpanel.net,F,774-396-8966,6WX4JN8XQ01,12/22/2007
8,Marjorie,Fitzhenry,mfitzhenry7@hhs.gov,F,423-158-4430,3CU0XW3EU30,07/02/2024
9,Colan,Emmott,cemmott8@miibeian.gov.cn,M,"849-857
2882",6NA9F65FT13,01/30/2009
10,Dominick,Spender,dspender9@mlb.com,M,983-980-3373,000,12/24/2009
11,Rutger,Crisell,biwanowski4@etsy.com,M,163-161-2016,5FW9W35DH64,05/09/2007
13,Adda,Begg,abeggc@ft.com,F,586-141-5312,000,07/28/2023
14,Melicent,Whorf,mwhorfd@yahoo.com,F,514-823-847,6XY4KQ3EX28,10/18/2017
15,Joshuah,Dun,,M,371-102-7380,5D83M91QC03,11/05/2014
16,Hayward,Randell,hrandellf@rakuten.co.jp,M,919-353-1480,4EU9W24YN33,06/26/2002
17,Kathie,Albers,kalbersg@macromedia.com,F,236-615-3718,6C14FM1WT58,08/27/2007
18,Aristotle,O' Ronan,aoronanh@privacy.gov.au,M,820-556-3052,000,
19,Donni,Arundel,darundeli@biglobe.ne.jp,F,136-339-9828,8ED7WV3CW58,06/03/2017
20,Karia,Bebis,,F,423-863-2632,9GT9E84XH05,09/12/2020
21,,Lanchbury,llanchburyk@behance.net,M,237-853-8861,7F83V95HC70,05/07/2017
22,Babbette,Di Franceshci,bdifranceshcil@tumblr.com,F,464-864-7725,000,03/19/2004
23,Joanie,MacCourt,jmaccourtm@upenn.edu,F,777-711-4366,2WV4F48KG56,
24,Gifford,Simenel,,M,310-655-1423,7EA8T79MC04,04/12/2005
25,Elianore,Wannop,ewannopo@acquirethisname.com,F,684-845-8673,1VJ3XE7QN82,07/06/2019
26,Claudio,Minett,cminettp@unc.edu,M,284-804-6903,000,11/05/2022
27,George,Sallans,gsallansq@princeton.edu,M,784-177-6446,3JP1X70EN27,11/19/2001
29,Pembroke,Veregan,,M,714-495-3696,4P42J24MT83,05/05/2021
30,Myrle,Dimitrov,mdimitrovt@yahoo.com,F,266-185-1060,9PD2VD3YT25,04/25/2002
31,Heywood,Wilmore,hwilmoreu@bravesites.com,M,557-573-0634,5WQ4XV7YE47,
32,Umberto,Sifflett,usifflettv@icq.com,M,339-384-2772,3X14YR4NU14,04/25/2023
35,Wallis,Lightowler,wlightowlery@wix.com,F,274-133-4639,4KK5QQ6AC44,08/30/2015
36,Merrill,Wigglesworth,mwigglesworthz@seattletimes.com,M,689-297-2045,2PN1Y86HA53,07/20/2007
37,Lena,Cuthbertson,,F,515-408-8481,6J74AQ9JE15,12/16/2006
38,Sven,Tuberfield,stuberfield11@1688.com,M,516-727-4706,6NX0VA1AU22,05/23/2021
39,Jilleen,Mayne,,F,340-354-6881,3Q24DE2PD32,09/01/2020
42,Melisenda,Ridgewell,mridgewell15@samsung.com,F,548-912-4129,4TT4UH7CR55,06/02/2004
43,Ranee,Jepensen,rjepensen16@people.com.cn,F,947-280-8270,5DJ1GW3VW20,08/02/2005
44,Craggy,Franzoli,,M,323-963-5548,000,02/13/2003
45,Valentino,Chard,vchard18@newsvine.com,M,297-998-9727,000,07/21/2001
46,Kinsley,Hurch,,M,253-588-2513,3TG2XN6PN02,07/27/2022
47,Marchall,Coxhead,mcoxhead1a@tinyurl.com,M,314-192-1697,6AF9A36WR28,10/03/2002
48,Amerigo,Grewe,agrewe1b@wp.com,M,153-132-6739,7Q75R03CX10,08/07/2014
49,Thia,Easum,,F,671-661-0897,1A94W85QC41,
50,Everard,Feehan,,M,245-934-3906,1HR4V71WX11,05/24/2007
51,,Wittke,lwittke1e@omniture.com,M,666-604-4852,2DY1HV6XX85,
52,Dion,MacIlurick,,F,160-196-3647,000,05/28/2013
54,Alejoa,Camilio,,M,878-746-0773,5U89T12EE20,
55,Martynne,Simson,msimson1i@sogou.com,F,771-290-8625,000,07/15/2001
58,Bonni,Clapham,bclapham1l@quantcast.com,F,690-502-6250,4F20CJ8GT11,10/04/2002
61,Tana,Hinkes,thinkes1o@yahoo.com,F,770-258-8154,6AX2NV0GG40,12/05/2017
63,Lindsey,Winsley,lwinsley1q@telegraph.co.uk,F,531-919-1150,3GH1NX8CH73,02/14/2015
64,Wait,Stanfield,wstanfield1r@earthlink.net,M,396-236-4121,2XH5CY1PG49,05/29/2001
65,Gan,Lindenfeld,glindenfeld1s@elpais.com,M,331-459-0874,6AH3V50JD99,01/15/2003
66,Jacquette,Girardet,jgirardet1t@qq.com,F,280-923-3839,5Q54JT9PP91,
68,Wash,McGray,wmcgray1v@washington.edu,M,506-784-8890,8U35KA1FU34,11/16/2010
70,Mariette,Sandey,,F,103-995-4334,6XV7AC2CF02,07/20/2006
71,Fraser,Micklewicz,fmicklewicz1y@home.pl,M,877-658-1893,5WT9A98UG58,09/16/2019
72,La verne,Goodship,lgoodship1z@tuttocitta.it,F,681-835-6054,8FQ1QV2JD77,12/02/2006
73,Archie,Knappett,,M,817-450-1332,7FQ1M83JV14,11/06/2005
74,Der,Gaunson,,M,455-349-5279,8Q45QA4JU53,03/13/2023
75,Garrek,Jereatt,gjereatt22@upenn.edu,M,511-380-7651,9PU8W63GK21,11/12/2012
77,Ricki,Olkowicz,rolkowicz24@,M,771-671-4616,6QT5J13GH35,11/17/2013
78,Daryle,Dutt,ddutt25@virginia.edu,M,699-832-2883,7CP6Q58ME89,07/12/2007
79,Tasha,Toppas,,F,603-202-4096,3HR8VD7CJ51,05/19/2020
80,Teddy,Prestney,tprestney27@bloglovin.com,M,241-854-8912,7J76AD3YY03,04/06/2013
81,Jammie,Kepe,,F,395-548-3251,000,04/02/2015
82,Christalle,Barrott,cbarrott29@pinterest.com,F,960-146-9230,6N99WQ9EG64,
83,Donnie,Jarret,djarret2a@sphinn.com,M,514-358-1937,9T46RX7NU83,11/09/2002
84,Annadiane,Aldrick,aaldrick2b@whitehouse.gov,F,875-656-9157,000,09/02/2004
85,Hurlee,Smye,hsmye2c@aol.com,M,187-139-1851,4RK4AQ2CU77,07/04/2006
86,Maddy,Lodo,mlodo2d@slideshare.net,F,966-905-9174,7NF4D72KA07,08/12/2016
87,,Eckery,beckery2e@wix.com,M,534-728-4816,4H37E68HC65,03/10/2012
88,Ilka,Dunridge,,F,757-166-4869,5FQ3HF6JU74,
89,Rudd,Stoacley,rstoacley2g@hubpages.com,M,809-906-9801,9QF9EQ1FR48,02/13/2021
90,Peyton,Jiras,pjiras2h@google.ca,M,676-683-1788,6P17VD4QP21,09/04/2017
91,Maitilde,Harmston,mharmston2i@vk.com,F,624-262-9579,1WM8P53NN32,09/24/2017
92,Nicoline,Habden,,F,765-358-0970,3M92ER0AQ19,03/28/2010
93,Lenard,Casari,lcasari2k@fastcompany.com,M,830-424-5158,8Y32UT3CA80,08/23/2000
94,,Braunter,abraunter2l@xrea.com,M,296-167-1627,6JP2WY0EC81,03/28/2008
95,Arin,Suddick,asuddick2m@berkeley.edu,M,802-828-1503,3NG7TK3AR26,03/25/2020
96,Bree,Spriddle,bspriddle2n@com.com,F,713-517-5604,1QA1WY6NH82,10/22/2004
97,Udall,Freschini,ufreschini2o@sitemeter.com,M,886-937-0343,5X36YW5QM72,10/12/2001
98,Amaleta,Boissier,aboissier2p@ovh.net,F,732-911-3397,8QM0C41NN66,03/17/2019
99,Lari,Ewells,lewells2q@wsj.com,F,874-554-1796,9C53VK7MX46,12/24/2011
100,,MacGilrewy,mmacgilrewy2r@prweb.com,F,659-954-5510,7DF0C04MG48,11/12/2001
102,Prentice,Kenny,pkenny2t@wisc.edu,M,468-290-3873,6N35CH1NE39,06/16/2017
103,Lanna,Shalliker,,F,230-932-7134,6CP5C15WD61,11/28/2021
104,Bradley,Oxborrow,boxborrow2v@google.pl,M,488-474-0409,000,02/08/2006
106,Hubert,Paye,hpaye2x@utexas.edu,M,464-344-2800,000,05/27/2014
107,Bil,Schimpke,bschimpke2y@eventbrite.com,M,891-808-7910,9R55RE2UQ69,
108,Yardley,Kitchingham,ykitchingham2z@marketwatch.com,M,358-725-2896,3QR7AD7EC54,09/21/2019
109,Samara,Duffett,sduffett30@marriott.com,F,257-473-8449,6VF3DF9KU72,
111,Lotty,Cotes,lcotes32@wp.com,F,886-517-7787,8GP1NP5FW53,06/23/2024
112,,Ewles,vewles33@usatoday.com,M,791-770-3017,6GC3N75MN50,08/24/2012
113,Valerye,David,vdavid34@narod.ru,F,856-981-8641,3G09C12JD28,10/13/2002
114,Mattie,Brightling,mbrightling35@hexun.com,F,103-764-9024,6H42WJ6KG58,02/11/2011
116,Alexander,Fawcett,afawcett37@furl.net,M,448-834-8342,4MY6WX6WA35,10/12/2010
117,Vasilis,Vaadeland,vvaadeland38@intel.com,M,173-736-6166,7J68UE8WK07,02/17/2017
118,Shalna,De Gregario,sdegregario39@chicagotribune.com,F,711-535-0147,8WX5YF2MW33,12/09/2005
119,Toiboid,Lippatt,tlippatt3a@yandex.ru,M,391-877-0739,1AK3JM8AH15,01/17/2002
120,Adrian,Mapplebeck,amapplebeck3b@netscape.com,M,722-333-1850,6YJ9QM2VX56,07/01/2019
121,Nadiya,Melwall,nmelwall3c@latimes.com,F,486-745-9079,6P94TY8AM27,05/01/2021
122,Tabb,Kelmere,tkelmere3d@fema.gov,M,811-849-4880,3HA5MJ1HW72,11/22/2004
123,Edward,Brandham,ebrandham3e@columbia.edu,M,277-241-1122,9H64YQ4WT02,01/28/2007
124,,Romer,,M,814-387-9975,5N07WC8TQ76,
125,Ibbie,MacDermand,imacdermand3g@blog.com,F,934-432-7712,3GC1UM9TD61,07/28/2005
126,Germain,Brewood,gbrewood3h@drupal.org,M,252-611-5408,1G56N40DH11,08/14/2012
127,Lucienne,Sage,lsage3i@youtube.com,F,915-369-8822,3J23GC6CK67,05/01/2007
129,Shurlocke,Iacovielli,siacovielli3k@cam.ac.uk,M,985-186-5617,2RF9Q95WG60,01/21/2013
130,Robers,Tallet,rtallet3l@soundcloud.com,M,316-736-4393,6T73YF6FM91,06/27/2005
131,Saxon,Loudwell,,M,530-887-3892,000,06/22/2005
132,Caresse,Jannaway,cjannaway3n@163.com,F,335-875-2952,7E87RN5XR30,03/05/2005
133,Alic,Crickmoor,acrickmoor3o@noaa.gov,M,702-364-3748,2KQ1HF9TW24,08/23/2012
134,Rodolphe,Blatherwick,rblatherwick3p@usnews.com,M,217-271-0866,5QU3AU5GY75,08/02/2000
135,Annaliese,Dole,adole3q@ustream.tv,F,643-755-9369,2WE7RP6CC10,01/22/2007
136,Shawna,Paute,spaute3r@biglobe.ne.jp,F,628-367-5579,4WP4WV4CK39,07/19/2007
138,Finley,Grimmer,fgrimmer3t@wunderground.com,M,604-203-5715,7GE9VJ3VP22,08/15/2015
139,Demetris,Halesworth,dhalesworth3u@paypal.com,F,126-323-2463,6YN4E22CG94,11/07/2015
140,Toby,Lavelle,tlavelle3v@time.com,M,884-839-6092,1QY8PA6WU93,03/13/2022
141,Yul,Cragg,ycragg3w@liveinternet.ru,M,137-492-6810,5DT7QR9FH13,07/18/2021
142,,Hiland,shiland3x@hao123.com,F,285-294-0038,6C87RQ5FG07,04/13/2010
143,Ron,Trudgion,,M,638-315-5173,9QP1UK4PD45,
144,Gram,Mulford,gmulford3z@reuters.com,M,223-849-6128,1MR7UT3XF28,06/21/2016
145,Michal,Bindon,mbindon40@ovh.net,M,205-677-4094,3GW2RX5XX04,12/17/2016
146,Orazio,Cromleholme,ocromleholme41@chron.com,M,608-782-5081,6R57TA7AU98,11/30/2002
147,Bill,Klementz,bklementz42@eepurl.com,M,636-496-6963,9QD0RF2MN14,05/07/2004
148,Pen,Wiburn,pwiburn43@fema.gov,M,167-683-2575,2W21F73QY10,
149,Emlen,Behnecken,ebehnecken44@fastcompany.com,M,600-957-7736,6JJ3F28GK67,05/15/2001
150,Rudie,Liddon,rliddon45@artisteer.com,M,569-463-9002,4QE7N68KR38,03/11/2011
151,Gilberta,Pestell,gpestell46@moonfruit.com,F,773-550-3866,4DJ7UV5CU95,06/23/2018
152,Sancho,Tettersell,stettersell47@examiner.com,M,315-462-9395,9QQ9TP7XM56,11/11/2019
153,Pavel,Slessor,pslessor48@netscape.com,M,882-830-1167,1CK8RV2YA23,04/15/2000
154,Ollie,Scroxton,,F,946-282-8488,4HF9FY2JY35,01/22/2018
155,Efren,Gillham,egillham4a@hexun.com,M,311-248-6091,9UK7TU1XY87,11/19/2006
156,,Daish,pdaish4b@stanford.edu,M,690-961-0496,6YP3CG2VX82,
157,Jorrie,Misson,jmisson4c@cisco.com,F,744-213-2198,7FW4PY9WE76,03/30/2014
158,Angelique,Swire,aswire4d@mapy.cz,F,117-152-7401,000,04/02/2002
159,Germaine,Baudone,,F,733-706-3534,5N04T97QG78,11/16/2005
160,Rowland,Feak,rfeak4f@fc2.com,M,539-373-9592,000,09/11/2009
161,Delmore,Simioni,dsimioni4g@comcast.net,M,707-817-8826,4YH3D27EY31,
163,Lil,Mcimmie,lmcimmie4i@arizona.edu,F,155-484-6598,000,11/14/2001
165,Jude,Ewols,jewols4k@reverbnation.com,M,481-295-9584,7U72N93VJ89,12/04/2000
166,Dion,Furley,,M,208-311-8642,000,
167,Lucas,Knudsen,lknudsen4m@dell.com,M,562-840-7722,3Q11NE8EP63,02/13/2005
168,Rutter,De Cruce,rdecruce4n@washington.edu,M,636-102-5589,4XQ7XU9ET20,11/19/2019
169,Adi,Lippatt,alippatt4o@hp.com,F,168-868-4156,6VN4CP2FE78,09/10/2021
170,Jackqueline,O'Kinedy,jokinedy4p@techcrunch.com,F,568-801-9888,3MX1FR8CF14,03/30/2022
171,Alair,Petran,apetran4q@loc.gov,M,307-937-7704,000,
172,Babara,Killbey,bkillbey4r@slate.com,F,139-636-6966,4KV2F94AU15,10/29/2003
173,Camile,Androck,candrock4s@amazon.com,F,998-507-1210,6T42KN1QD21,11/22/2018
175,Godard,Capin,gcapin4u@google.co.uk,M,671-898-6565,7YD5MW8JM87,10/22/2019
176,Matthias,Gatesman,mgatesman4v@nih.gov,M,654-763-3074,9HN5PG3RQ52,03/21/2003
177,Waldo,Cokayne,,M,679-609-8196,5WG1TM6TY89,07/07/2019
178,Westley,Luciano,wluciano4x@example.com,M,744-661-2488,9DC9VW9RE99,11/02/2013
179,Douglas,Bettlestone,dbettlestone4y@indiatimes.com,M,789-321-6047,3X27FF9CW37,03/25/2007
181,Giacomo,Rolstone,grolstone50@de.vu,M,939-941-4401,5Y53J76XM55,11/18/2015
184,,Capineer,dcapineer53@t.co,M,207-773-0356,8CG3TC7VK37,09/23/2023
185,Paloma,Gunther,pgunther54@netscape.com,F,513-503-6754,5C40C68EN57,04/02/2011
186,Barnabe,Monnoyer,bmonnoyer55@businessinsider.com,M,524-583-6830,000,
187,Anthe,Zebedee,,F,109-895-5090,2W89YP7NK44,05/25/2023
188,Glynda,Laughlan,glaughlan57@behance.net,F,479-827-8456,9XH0M27XW35,03/17/2000
189,Cesya,Griston,,F,407-605-3884,000,05/20/2010
192,Ola,Perrinchief,operrinchief5b@japanpost.jp,F,760-444-8556,5RF5M09DN66,10/10/2022
193,Leslie,Skeeles,lskeeles5c@yahoo.com,F,315-448-5616,1V92RH5AF49,02/04/2011
195,Arturo,Dowears,,M,615-834-2201,1RD2J01EM99,08/12/2005
196,Dickie,Kerby,dkerby5f@about.com,M,238-907-5943,1KF7VP9QA89,
197,,Brandone,cbrandone5g@amazonaws.com,M,459-649-0980,5DE0DY5XX33,07/17/2015
199,,Baxstar,bbaxstar5i@blogspot.com,F,985-592-5464,9K03UU7QF34,02/26/2011
200,Jacquetta,Poone,jpoone5j@ucoz.com,F,322-256-5394,3U74N46UK61,
202,Sephira,Gauntlett,sgauntlett5l@umich.edu,F,152-721-5311,9GU2TA1PM69,08/08/2022
203,Charles,Dupree,cdupree5m@drupal.org,M,575-796-7078,5U37GU3VD11,12/06/2011
204,,O'Crigan,socrigan5n@nyu.edu,M,917-333-3610,4W42N75HF19,04/11/2023
206,Evelina,Baynom,ebaynom5p@alibaba.com,F,119-110-5747,6XF5AF0QN75,04/12/2004
207,Berny,Browning,bbrowning5q@jiathis.com,F,576-605-4840,6H29HP6WA64,05/12/2024
208,Ardyth,Elsay,aelsay5r@ox.ac.uk,F,744-377-2457,000,09/09/2015
209,Layla,Burling,lburling5s@google.com.br,F,185-177-4681,000,
210,Ibrahim,Ofield,iofield5t@fc2.com,M,882-760-5068,9A25DW3AT40,04/08/2013
211,Cecilio,Milliere,,M,483-956-5618,5M22HD3XD09,03/01/2012
212,Israel,Chainey,,M,264-309-4402,8X83K17FK18,03/16/2004
213,Albert,Barns,abarns5w@infoseek.co.jp,M,308-150-6668,8WN1FV0QU40,
214,,Gervaise,egervaise5x@springer.com,M,912-289-0128,000,
217,Jacynth,Turfitt,jturfitt60@i2i.jp,F,209-603-6636,000,03/30/2009
218,Billy,Zambonini,bzambonini61@engadget.com,M,576-152-0355,000,12/07/2007
219,Jaine,Hawtrey,jhawtrey62@addthis.com,F,805-586-0817,5K88AR7CU92,02/11/2006
221,,Maddrell,gmaddrell64@home.pl,F,605-417-1952,9DD5MK6EV18,07/20/2019
222,Gilli,MacKonochie,gmackonochie65@scribd.com,F,310-584-6816,000,03/14/2025
223,Symon,Giacobillo,,M,788-190-6941,5P02Y45MP10,04/17/2019
224,Merrill,Weldon,mweldon67@oaic.gov.au,F,824-498-4327,000,05/17/2001
225,Rosalyn,Knappett,rknappett68@comsenz.com,F,909-541-4143,1RK9A89EC76,08/10/2001
226,Cher,Houndesome,choundesome69@fema.gov,F,591-832-6047,8CV0C78HY40,02/14/2002
227,Amabelle,Lowers,alowers6a@yandex.ru,F,773-817-8077,8DN1R58TX64,01/27/2007
229,Dill,Shemming,dshemming6c@sakura.ne.jp,M,168-575-2234,000,07/13/2010
230,Arline,Croome,acroome6d@booking.com,F,234-910-6094,4WY6RH7NF12,12/16/2004
231,Costanza,Slyne,,F,853-569-0523,3QM2Y38CD01,
233,Aldous,Readett,,M,304-336-1019,7GN6A04KD97,12/19/2015
234,Ashla,Chishull,achishull6h@jiathis.com,F,605-236-3622,5WE2V85TM93,10/19/2017
235,Rodd,Bakey,rbakey6i@marketwatch.com,M,238-347-6132,8RV2X88RH52,03/06/2015
237,Alberta,Lonsdale,alonsdale6k@msu.edu,F,947-527-4400,3U63R17HP25,03/10/2010
239,Sherline,Dubique,sdubique6m@businessinsider.com,F,254-907-2297,9FK2R35UH07,08/11/2011
241,Glenden,Hamerton,ghamerton6o@princeton.edu,M,443-893-7526,9CQ8QU8MP53,01/18/2010
242,Ardelle,Fulham,afulham6p@fastcompany.com,F,325-573-7010,000,08/23/2018
243,Karita,Dockree,kdockree6q@sciencedaily.com,F,200-610-6819,2TN6W00FF85,
244,Melisande,Oliveto,moliveto6r@si.edu,F,693-468-9645,4AD6XH1QM68,06/25/2021
245,Victoir,Westerman,vwesterman6s@cbc.ca,M,848-328-0389,9Q12C23GW03,
246,Belva,Japp,bjapp6t@i2i.jp,F,777-626-4262,4PC5F03DJ88,08/25/2021
247,Efren,Yushmanov,eyushmanov6u@shinystat.com,M,681-948-5704,3NE6A05UU86,10/09/2006
248,Charisse,Glanert,cglanert6v@bluehost.com,F,428-599-1279,6KY0M34DV84,02/07/2014
249,Giana,Cardo,gcardo6w@themeforest.net,F,208-652-5927,9VX8FD9CE73,03/29/2005
252,Archambault,Pochon,apochon6z@wisc.edu,M,468-993-6400,000,12/04/2007
253,Cheri,Rolling,crolling70@slideshare.net,F,338-177-2472,3GF4MU3CE28,09/25/2018
255,Kimberlee,Gentle,kgentle72@cloudflare.com,F,594-414-6647,3EX6FP5QE31,04/15/2012
257,Glynnis,Tzarkov,gtzarkov74@drupal.org,F,994-198-6493,000,02/07/2011
258,Trina,Bridgnell,tbridgnell75@state.gov,F,494-683-7476,7W01AK2PH24,01/18/2001
261,Missie,Wakefield,mwakefield78@state.gov,F,768-119-2158,8UF8U78DV85,
262,Udale,Lace,ulace79@paypal.com,M,137-825-3041,3U18ND9GJ67,
263,Konstantin,Starmer,kstarmer7a@sfgate.com,M,254-491-4398,6N35RK5FR69,03/26/2020
264,Mayne,Kort,mkort7b@devhub.com,M,661-929-9869,000,08/13/2021
265,Kermy,Schollick,,M,631-269-3720,1JV6AE3PE18,
266,,Walewski,twalewski7d@telegraph.co.uk,F,853-108-9192,1CU8DU8PP92,08/04/2022
267,Milli,Kieff,,F,815-539-0016,000,05/30/2018
268,Fae,MacKellen,fmackellen7f@wisc.edu,F,975-115-1983,7JR1AU7HN52,06/18/2013
269,Maryann,Bullivent,mbullivent7g@phpbb.com,F,409-993-4413,4UP4KE1GY44,03/24/2006
271,Maryrose,Ballham,mballham7i@spiegel.de,F,117-429-0604,000,11/04/2020
273,Pearce,Chung,,M,147-566-2989,5QP7DC0YA86,01/07/2024
276,Jesse,Yellep,jyellep7n@networkadvertising.org,F,639-653-3201,4YX8CF5CY80,
278,Roy,Balogh,rbalogh7p@intel.com,M,395-659-8167,4U63E34PC70,07/19/2002
279,Chuck,Cartmel,ccartmel7q@jugem.jp,M,429-545-2361,4U91Y79MD19,02/27/2012
280,Emerson,Treske,etreske7r@multiply.com,M,397-797-8939,8VR6MV9MY17,07/05/2005
281,Barrett,Drysdall,,M,768-725-2237,2YU2V93KQ26,03/20/2014
282,Gizela,Hansel,,F,532-525-5782,2VK9J20XH22,07/12/2025
283,Gael,Arents,garents7u@google.co.jp,M,775-410-1820,5NU2U61FH47,05/10/2014
285,Brooke,Ellissen,bellissen7w@adobe.com,M,109-105-0299,5N26X05UM67,07/14/2013
286,Mavra,Bourdis,mbourdis7x@comsenz.com,F,228-241-5726,8KR7N38MF71,05/28/2010
287,Benjamen,Sandwith,,M,183-772-6714,1V67HP6XC43,01/26/2025
289,Lotte,Begwell,,F,788-527-2359,7UR0JX7FW03,02/13/2006
290,Raquel,Boissier,rboissier81@4shared.com,F,327-274-5769,2KY8E47MJ70,08/16/2022
292,Tom,Eastam,,M,786-407-1905,8UE1D44FV40,07/19/2024
294,Imogene,Perago,iperago85@skyrock.com,F,716-407-6580,2PX5C43FE41,08/16/2018
295,Baird,Handscombe,bhandscombe86@parallels.com,M,475-495-2536,9V50HU2JN12,
296,Fay,Wastall,fwastall87@infoseek.co.jp,F,555-275-7172,8VH4HM8HF02,01/29/2020
297,Sophi,Necolds,snecolds88@ifeng.com,F,105-328-8047,6NF8H66GY00,02/08/2018
298,Noelani,Bilsland,nbilsland89@hostgator.com,F,653-530-7030,7P74CW7HR89,05/01/2019
300,Lucian,Gillhespy,lgillhespy8b@sourceforge.net,M,906-477-5250,000,11/29/2010
301,Pat,Paddock,ppaddock8c@dion.ne.jp,F,290-412-7845,000,04/28/2018
302,Violetta,Blockey,vblockey8d@digg.com,F,934-417-5464,5M34PC0XU43,10/02/2022
303,Jessi,Primmer,jprimmer8e@yelp.com,F,668-557-4244,000,05/18/2000
304,Debbi,Baggallay,dbaggallay8f@china.com.cn,F,491-260-3364,2NN3MR6XA76,11/22/2019
305,Dulcie,Toombes,dtoombes8g@si.edu,F,510-854-3366,5YH6WA2RY27,06/26/2022
306,,Sherbrook,gsherbrook8h@ebay.com,F,202-932-0704,8H07GH6VG21,06/17/2024
308,Desmund,Wynett,dwynett8j@unc.edu,M,827-969-5695,000,
309,,Lavender,jlavender8k@japanpost.jp,M,664-794-0269,8Y84XJ8HY61,12/06/2014
310,Heall,Hallan,hhallan8l@newsvine.com,M,217-184-1760,1J39MN8KD89,
311,Hammad,Le Grice,hlegrice8m@webeden.co.uk,M,766-275-8677,000,08/12/2014
313,Mercedes,Spaight,mspaight8o@vinaora.com,F,533-966-7007,9XC8EK9MH79,
314,Zach,Cahani,zcahani8p@bloglines.com,M,657-854-3425,7HE1Q88DU82,07/19/2014
315,Becky,Bradman,,F,381-858-9838,4WM1YD4DN54,11/16/2009
316,Cristy,Sheard,csheard8r@de.vu,F,747-657-2654,1XK2QG4KT21,03/25/2004
317,Georgie,Crowhurst,,M,566-517-1153,1Q93PR5MJ12,
318,Gabbi,Glendining,,F,230-139-5371,7PX8GA8AX03,03/05/2001
319,Brnaby,Gilvary,,M,647-529-2158,7WY5T78XD01,
320,Mahalia,Cansdall,mcansdall8v@myspace.com,F,661-456-4191,6XP9YH5MT85,
321,Fax,Granleese,fgranleese8w@tripadvisor.com,M,305-187-7621,8QC6TP7PJ54,09/03/2007
322,Haskell,Salmen,hsalmen8x@topsy.com,M,301-524-2114,000,08/29/2015
323,Myrah,Orro,,F,210-770-5472,6HG7NH5CY77,05/30/2014
325,Leontine,Linskill,llinskill90@usgs.gov,F,763-730-0005,4MK9NJ9TX93,09/02/2018
326,Marve,Fort,,M,883-580-2352,8VP8M09FW57,04/28/2005
327,Cornie,Keele,ckeele92@tmall.com,F,214-204-7228,3QV2H02VQ77,06/14/2020
328,Harp,Soutter,hsoutter93@dropbox.com,M,412-341-8587,1E78E86HM01,05/01/2021
330,Birk,Crock,bcrock95@ameblo.jp,M,940-499-3111,000,
331,Piper,Jarrold,pjarrold96@japanpost.jp,F,294-798-4209,3CR8PY9XE46,07/26/2001
332,Aggi,Mor,amor97@weibo.com,F,172-417-2366,000,02/25/2021
333,Arnie,Mackrill,,M,767-917-7999,7PM0K39AP31,
334,Flin,Arthur,farthur99@seesaa.net,M,885-250-3166,000,
335,Katrinka,Harrinson,kharrinson9a@tinyurl.com,F,207-220-3955,8UQ2KH8CP84,
336,Wylie,Fearick,wfearick9b@dropbox.com,M,427-637-8018,5G47U32DR84,04/18/2016
337,Skell,Brazener,sbrazener9c@oakley.com,M,835-175-3001,2UG6DM7WE65,10/12/2018
338,Jeanine,Aitken,jaitken9d@ox.ac.uk,F,277-589-0152,7JG9DH5YR80,08/17/2016
339,Trudi,Manshaw,tmanshaw9e@ehow.com,F,956-868-3775,5K62PH4WW81,10/01/2009
340,Thurston,Mansour,tmansour9f@youtube.com,M,209-555-3785,5J99X17HR03,05/20/2009
341,,Bricket,mbricket9g@symantec.com,F,752-168-9314,3EQ9D50EC20,04/13/2012
342,Federico,Ivanusyev,,M,889-686-1433,8CF1G79AK01,11/14/2001
343,Miguela,Elia,melia9i@tripadvisor.com,F,178-249-3645,3N97E79VR16,08/29/2012
344,Christyna,Haquin,chaquin9j@barnesandnoble.com,F,429-476-4873,8MQ3XU4UQ83,01/12/2010
345,Dennet,Beamont,dbeamont9k@smh.com.au,M,778-737-7353,3TX0QV4PT17,03/06/2010
346,Kingston,Adolfsen,kadolfsen9l@mediafire.com,M,298-193-7142,000,09/30/2008
347,,Straw,mstraw9m@gmpg.org,M,760-368-8946,8YE6RE6KJ11,03/16/2000
348,Lizette,Headford,,F,758-763-2130,7Q34J99AT23,11/12/2023
349,Reube,Duffrie,,M,264-529-8960,000,
350,Whitby,Blatcher,,M,736-272-6305,4FE7U23QQ32,09/26/2017
351,Shelby,Wollen,swollen9q@github.com,F,351-691-2766,6VC4GM0YX67,02/23/2022
353,Quinta,Madgett,qmadgett9s@about.me,F,317-217-7811,2RW1MF4GY27,11/12/2011
354,Drew,Perroni,dperroni9t@wsj.com,M,351-169-3824,000,
355,Audra,Kenner,akenner9u@forbes.com,F,247-394-6422,3NF1M56TY96,12/03/2022
356,Brady,Baigrie,,M,699-108-9242,4HU1GG4GX53,08/11/2019
357,Tiffanie,Giorgioni,tgiorgioni9w@state.gov,F,425-658-5378,000,07/10/2006
358,Melody,Stuer,,F,494-870-9488,4C86VD0GW37,11/19/2006
359,Jennifer,Itzkowicz,,F,936-276-7173,000,02/05/2008
361,Korie,McCree,kmccreea0@senate.gov,F,481-681-2763,6YY4JG0KH53,11/10/2005
362,Ewell,Moodey,emoodeya1@friendfeed.com,M,133-636-9842,000,09/13/2001
363,Granville,Gibberd,ggibberda2@studiopress.com,M,741-564-5105,000,05/04/2014
364,Laird,Grahlman,lgrahlmana3@networkadvertising.org,M,573-277-2101,6N60QV0HY89,10/21/2013
366,,Chapell,kchapella5@google.fr,M,433-957-4231,5CC0JC7DJ81,07/14/2003
367,Betteanne,Duckhouse,bduckhousea6@arizona.edu,F,640-557-8328,2T49H02GY85,10/31/2008
368,Cesya,Pahl,,F,941-744-4458,1W92C95HU05,12/29/2003
369,Hedwiga,Heinl,hheinla8@constantcontact.com,F,900-452-6753,4GC3RH5DE45,02/12/2007
370,Carley,Jewar,cjewara9@wix.com,F,129-832-1244,9RW0A42DY70,09/24/2004
371,Dolli,Eastope,deastopeaa@wp.com,F,849-937-7751,7TK7NE7GG88,07/02/2008
372,Emlynne,Rastrick,erastrickab@free.fr,F,422-624-5277,8P34PD8VV73,
373,Salli,Cecil,scecilac@ocn.ne.jp,F,694-522-6306,7GW7WH2KN16,01/22/2016
375,Frasier,O'Dulchonta,fodulchontaae@mail.ru,M,971-722-9644,6UE4HC0DN37,07/20/2004
376,Alanah,Durtnal,adurtnalaf@springer.com,F,286-461-0135,9AD5J29JM15,04/03/2005
377,Valry,Frantz,vfrantzag@homestead.com,F,385-930-6128,5K29MW2GY34,12/20/2004
378,Fair,De Vaux,fdevauxah@alexa.com,M,504-687-8142,1NN9DF8FY68,
379,Vinny,Gault,vgaultai@ihg.com,F,784-644-9451,8RA8W23WR51,07/20/2014
380,Thurston,Caveau,tcaveauaj@usgs.gov,M,194-890-2095,3VY1CY6KM83,04/17/2012
381,Ricoriki,Sones,,M,592-821-7950,8JN2JK3YD07,12/31/2023
382,Abdul,Silverston,asilverstonal@army.mil,M,171-111-4448,7P23FK5TQ67,
383,Annora,Chezier,,F,697-371-8372,1TG1KP7QK52,11/19/2013
384,Boothe,Dosdale,bdosdalean@slideshare.net,M,356-143-1859,9X41A69DT10,07/04/2015
385,Rebecka,Klambt,rklambtao@indiegogo.com,F,140-123-7567,5U46KM1DN11,05/05/2018
386,Annabal,Seacroft,aseacroftap@acquirethisname.com,F,224-737-0298,7NC0D92JE97,01/06/2025
387,Idalia,Laidler,ilaidleraq@surveymonkey.com,F,341-108-4755,9FX6C04DX78,02/08/2024
388,Abbye,McCloud,amccloudar@scribd.com,F,993-163-8656,8J50YJ1CR01,09/26/2024
389,Paloma,Colmer,pcolmeras@hhs.gov,F,491-515-9108,6EP2RV2XP24,06/22/2020
390,Robyn,Tewkesberry,rtewkesberryat@amazon.co.uk,F,921-139-4385,6VA5W43VJ95,01/20/2017
391,Bailey,Shadbolt,bshadboltau@bloomberg.com,M,595-558-3737,000,09/07/2018
392,Adda,Pepi,apepiav@geocities.jp,F,895-545-1186,6YX0XF8QH30,11/07/2005
393,Andrea,Sifflett,asifflettaw@goo.gl,F,263-510-8562,000,07/04/2012
394,Morna,Blackburne,mblackburneax@sphinn.com,F,681-473-9668,8FC9FG4VJ62,05/28/2012
395,Ivan,Beddow,,M,847-402-7314,000,10/24/2016
396,Donnie,Lackner,dlackneraz@salon.com,F,424-634-4391,7C77Q58RH51,05/21/2024
397,Camel,Cockarill,ccockarillb0@archive.org,F,784-445-4580,4V36AN8VM98,10/02/2020
398,Evania,Montague,,F,339-517-3029,8RU8HW8RF38,05/11/2013
399,Casper,Kleinschmidt,,M,892-754-0803,4T47DT5AX50,
400,Cy,Bosomworth,,M,542-586-7040,1HJ0JD3HA51,
401,Frasier,Bysaker,fbysakerb4@deviantart.com,M,472-196-6354,2C04UY2TY62,
402,Scotty,Crown,scrownb5@house.gov,M,492-849-3650,6NF8W64QP77,01/20/2018
403,Alina,Coule,acouleb6@columbia.edu,F,741-720-5755,6E12J46HW34,01/04/2004
404,Ibbie,Ceresa,,F,150-563-9247,4Q97NY2DG43,12/08/2003
405,Henka,D'Antoni,,F,570-258-7302,000,09/28/2008
406,Corrinne,Andrysek,candrysekb9@sogou.com,F,414-220-7243,5HK3F10MW80,06/15/2012
408,Lucian,Buzin,,M,490-120-1717,9WQ1JC7JT03,05/31/2008
411,Padgett,Saunt,psauntbe@cbslocal.com,M,829-883-2819,3J73CG8RP25,
412,Jocelyne,Walewski,,F,676-789-3726,1TV8EC6AA14,02/15/2022
413,Lucilia,O'Bradane,,F,851-134-3960,2K29C45NC57,07/26/2011
414,Bellanca,Justham,bjusthambh@twitter.com,F,549-902-2476,3A94TM8AM00,07/08/2004
415,Townie,Raynard,traynardbi@amazon.de,M,638-661-8684,1HE3YV0RW13,
416,,Frotton,afrottonbj@1688.com,F,634-976-8670,000,
417,Edgardo,O'Giany,eogianybk@cmu.edu,M,750-426-5875,3NG9F97VC77,01/11/2020
418,Hermione,Macy,hmacybl@theglobeandmail.com,F,598-175-0213,4XF9MK1NM00,08/12/2001
419,,Coldicott,pcoldicottbm@telegraph.co.uk,M,647-776-9622,000,05/10/2020
421,Eddy,Linsey,elinseybo@bluehost.com,M,861-299-0242,2CY9XT2GK65,12/12/2056
423,Sigmund,Sandifer,ssandiferbq@earthlink.net,M,172-257-1173,3XT3VM9QR62,
424,,St Ange,mstangebr@nytimes.com,M,285-659-7252,3XU3G08UA92,04/07/2002
425,Rosina,Grubbe,rgrubbebs@blogspot.com,F,120-170-9832,000,04/22/2018
426,,Simmons,bsimmonsbt@wiley.com,M,436-116-9833,2R44AF8FE21,02/12/2013
427,Gav,Kenealy,,M,889-121-2454,4R62M29QP02,06/03/2010
428,Blair,Meddemmen,,F,986-417-8067,9V24PN0EV66,10/27/3003
430,Blinnie,Oxbie,boxbiebx@wordpress.org,F,262-310-8268,1N83MJ6CJ76,05/14/2013
431,Loy,Birtwell,lbirtwellby@google.pl,M,661-682-2017,1QX2VG8KA36,11/26/2004
432,Nehemiah,des Remedios,ndesremediosbz@mit.edu,M,692-566-2007,6EQ1E19ED99,01/13/2013
433,Bianca,Ginnelly,,F,437-885-2481,3CD0KA3XJ23,05/09/2001
434,,Bartlomiejczyk,rbartlomiejczykc1@blogger.com,M,829-625-6957,000,11/29/2014
435,Conn,Ionnidis,cionnidisc2@unblog.fr,M,944-419-5554,1A05PU6RQ43,08/29/2024
436,Lanni,Dickman,,F,819-595-2098,6Q40CQ2CH16,06/16/2019
437,Tammy,Benezeit,tbenezeitc4@friendfeed.com,M,562-303-3084,6VK6CF9HU52,06/14/2003
438,Moll,De Santos,,F,506-701-9591,9VQ2HV7XM83,12/08/2021
439,Forester,Dmitrichenko,fdmitrichenkoc6@army.mil,M,994-898-914,9QF4WQ4QP16,11/13/2013
440,Allis,Chidler,achidlerc7@zimbio.com,F,137-608-4085,8R96GG8HA36,12/14/200
441,Rahal,Brasier,,F,659-500-4237,7NP0PT6EC37,01/28/2015
442,Marcia,Fulk,mfulkc9@wsj.com,F,723-511-2927,9GT8VQ3KE17,08/12/2003
443,Mavra,Towl,mtowlca@springer.com,F,929-906-6849,6PD2NC5CC13,
445,Tresa,Corballis,,F,742-644-0031,2CD9E46JH79,02/13/2010
446,Francene,Burgan,fburgancd@t.co,F,489-131-8032,5RU7RW6WC31,
447,Katharyn,Suthworth,ksuthworthce@wisc.edu,F,867-394-1652,3YC7GV4GY85,09/27/2020
448,Willis,Labone,wlabonecf@aboutads.info,M,572-633-6664,2AX1U10QW67,07/05/2002
449,Bran,McGenis,bmcgeniscg@japanpost.jp,M,120-724-0622,4WN6YW4VD75,05/20/2001
450,Maynard,Vedeshkin,mvedeshkinch@1und1.de,M,555-933-4144,5VR0AX9VF36,08/10/2021
452,Ambrose,Hagstone,ahagstonecj@constantcontact.com,M,324-944-7880,9HA3X75VR94,05/05/2015
453,,Raisbeck,,M,344-182-1918,4W58NC7FK50,
454,Violet,Halloran,vhallorancl@devhub.com,F,112-975-5673,000,03/19/2024
455,,Trusty,mtrustycm@skype.com,F,295-992-2570,3EN6CX5UH19,05/01/2003
458,Vicki,Dupey,vdupeycp@ihg.com,F,894-719-6300,2G31UV6XP8,05/20/2008
459,Flo,Babst,fbabstcq@cornell.edu,F,814-684-9405,3JG8PF9NW13,03/10/2003
460,Jarid,Selley,jselleycr@usnews.com,M,550-573-6600,C64JH0MP83,11/05/2007
461,Luciano,Blandamore,,M,515-448-2010,5TN5A75QD87,07/04/2008
462,,Simmgen,jsimmgenct@usnews.com,M,678-977-9769,000,01/25/2021
463,Jillane,Gorgler,jgorglercu@twitpic.com,F,358-426-3291,4ME0FV9YG98,10/12/2006
464,Gris,Bart,gbartcv@seattletimes.com,M,994-687-0356,7Y87J78KW09,09/06/2002
466,Madella,Bartos,,F,762-428-6618,1C86FA3YY95,04/14/2005
467,Skipp,Le Noir,slenoircy@china.com.cn,M,397-578-6545,6N23UT4KV38,09/19/2006
468,Bendicty,Ballantyne,bballantynecz@ebay.com,M,200-490-0728,000,12/09/2011
469,Sigfried,Dugood,sdugoodd0@mapquest.com,M,933-382-0761,2WN0HP3RY11,
470,Roch,Lamplough,,F,214-542-5150,5CU4G93TY52,03/25/2015
471,Heloise,Arnell,harnelld2@baidu.com,F,986-283-1765,4QK9D42ME58,11/21/2021
472,Berry,Ablott,bablottd3@bluehost.com,F,141-390-2449,2CQ3NT1FT95,03/17/2015
473,Wallis,Polglase,wpolglased4@odnoklassniki.ru,F,174-738-9932,5GJ4P82HH84,09/28/2016
474,Cesar,Bestwerthick,cbestwerthickd5@phoca.cz,M,455-165-7231,6G19H39RJ47,07/08/2013
475,Ambrosius,Yorkston,ayorkstond6@dagondesign.com,M,769-482-6372,4XX4QX8HG76,11/22/2007
476,Fayth,Seys,,F,309-277-5061,6XM7VD4GR53,04/15/2004
477,Zacharia,Habin,,M,412-692-6253,4JC7FD9MR16,07/06/2000
478,Pamelina,Elloy,,F,228-340-1437,7DN0MN8NM01,10/04/2020
479,Barrett,Seger,bsegerda@archive.org,M,241-151-0649,2PW3EC4HN07,11/01/2016
480,Gweneth,Viegas,gviegasdb@chron.com,F,497-698-9320,5XF4J44VA25,06/22/2009
481,Ruthe,Schiell,,F,108-430-4374,1P39YU0JP68,01/21/2023
482,Gibb,Bailes,gbailesdd@wisc.edu,M,903-972-2130,4TV8VK7NM99,
483,Carver,Avo,cavode@sun.com,M,264-874-7560,4TC5N01WP00,10/11/2017
484,Haily,Eustanch,heustanchdf@mail.ru,M,999-332-9842,7VP2VW3PC87,
486,,Stirrup,kstirrupdh@php.net,M,808-137-5297,2EC8GA2HM03,09/07/2005
487,,McOwan,amcowandi@list-manage.com,M,781-294-2233,4EF3GF0ET44,02/02/2014
488,Jsandye,Larwell,jlarwelldj@imdb.com,F,803-616-0760,9A93MA0VW61,05/03/2016
489,Demott,Merrywether,dmerrywetherdk@altervista.org,M,794-954-1717,1V08U60EM77,02/12/2014
490,Verney,Menchenton,vmenchentondl@linkedin.com,M,469-927-8909,5YF9KD5WH76,11/01/2015
491,Godfree,Wilsee,gwilseedm@furl.net,M,228-669-9519,7T58RV7RX97,07/02/2010
492,Grace,Hurley,ghurleydn@theguardian.com,F,485-949-8253,7JP0HH7UW28,02/11/2018
493,Marten,Atherley,matherleydo@fastcompany.com,M,162-111-7482,000,
495,Jemmy,Wissby,jwissbydq@addthis.com,F,892-751-5695,5FT8KN6RK63,07/20/2019
496,Skelly,Leve,slevedr@thetimes.co.uk,M,998-765-2111,000,
497,Sol,Bending,sbendingds@icq.com,M,312-206-5856,5CC1C27QM19,01/08/2018
498,Kristen,Ronchi,kronchidt@xrea.com,F,484-462-4446,2WM7E50NF76,11/18/2000
499,Lorry,Conws,lconwsdu@jugem.jp,M,465-599-1801,1TF2P55QN26,12/08/2017
500,Aurlie,Jarnell,,F,797-911-9081,8UE8V77JY78,06/30/2005
501,Ava,Ellsbury,aellsburydw@springer.com,F,956-954-6686,2M54GE1HQ87,08/21/2019
502,Drusilla,O'Keenan,dokeenandx@state.gov,F,893-715-3043,000,
503,Butch,Eastcourt,beastcourtdy@blogtalkradio.com,M,281-335-2297,5U68VG3EJ26,04/10/2005
504,Gwenora,Scotti,gscottidz@foxnews.com,F,653-922-8921,7XM4GM2GD79,04/10/2020
505,Hilary,Sommerfeld,hsommerfelde0@ycombinator.com,M,852-382-2713,000,06/06/2006
506,Albert,Beachem,abeacheme1@sogou.com,M,847-700-1964,4NA4F73UR33,09/11/2007
508,Guntar,Farfull,gfarfulle3@google.de,M,142-572-2792,1NW0CH9JV30,08/08/2018
509,Brandise,Dobbings,bdobbingse4@ow.ly,F,186-519-7803,8VM0A00FU83,08/31/2003
510,Jsandye,Holtaway,jholtawaye5@si.edu,F,312-367-9509,1GD9PX0FG97,
511,Vickie,Rispine,vrispinee6@php.net,F,598-871-2538,5UK5C13HW08,06/18/2012
512,Klemens,Volet,kvolete7@google.cn,M,864-420-0109,5RT6FG5VH99,08/07/2002
513,Minta,Simonson,,F,191-537-6511,6FF0UY5PK48,06/11/2011
514,Vida,France,,F,574-123-5688,2Y73KD2CM31,08/14/2016
515,Emalee,Megahey,emegaheyea@squarespace.com,F,227-936-4604,000,12/04/2002
516,Alexandro,Prater,apratereb@com.com,M,507-232-8737,7MW9P65UQ35,01/29/2014
517,Orelle,Hefford,oheffordec@slideshare.net,F,621-871-9374,1A24QD2RF52,11/14/2005
518,Bonita,Rogerson,brogersoned@e-recht24.de,F,757-407-5897,000,04/26/2017
519,,Benneyworth,gbenneyworthee@gnu.org,F,724-188-4747,2HG6NC7KV71,04/17/2014
520,Jameson,Deluze,,M,774-419-6341,000,
521,Sula,O'Brogane,sobroganeeg@twitpic.com,F,835-329-5551,5P35KX5FG41,
522,Thurston,Nizet,tnizeteh@fema.gov,M,172-534-3408,1GP7KW5NF44,02/23/2017
523,Rora,Heimann,rheimannei@tamu.edu,F,492-233-3699,6N82QN1XA58,
524,,Stump,kstumpej@ehow.com,F,377-239-6775,4UT3VH5GD93,11/02/2002
525,Syd,Steljes,ssteljesek@imgur.com,M,564-741-4171,5D39XA0JQ32,
527,Evyn,Ivashintsov,eivashintsovem@cpanel.net,M,157-512-6148,5YT3PC6KQ50,07/31/2015
528,Claybourne,Yuranovev,cyuranoveven@barnesandnoble.com,M,877-826-2193,8XM2E85RH62,09/22/2018
529,,Faires,,F,955-123-3100,3Y24YY6WY96,05/29/2005
532,Clare,Bearn,cbearner@domainmarket.com,F,145-540-2717,2KR1PU3RD17,01/11/2025
533,Alain,Caneo,acaneoes@yale.edu,M,588-809-1143,1VJ8TN1JY72,
534,Willow,Ninnis,wninniset@canalblog.com,F,674-954-2000,4C25D23ET39,10/16/2017
535,Marta,Dishman,mdishmaneu@dmoz.org,F,585-607-0465,1XF0P00CH50,02/21/2019
536,Nicky,Bogie,nbogieev@yelp.com,M,995-864-6671,8M19W16QR66,10/11/2005
538,Regina,Gianneschi,,F,847-443-8758,6H75JK2DD03,
539,Caresa,Wetherill,cwetherilley@cpanel.net,F,807-164-1989,2KF5KJ8QU86,01/03/2012
540,Myer,Dufore,mduforeez@1und1.de,M,728-484-6111,9HA8HW6FV75,02/25/2006
541,Tammy,Brunt,tbruntf0@livejournal.com,M,902-680-0747,4PC4T09RR68,10/28/2018
542,Hilton,Trimmill,,M,692-226-2087,6P99VP7FM17,
543,,Sturdy,gsturdyf2@a8.net,F,454-181-0569,3QX7E23PQ18,04/23/2018
544,Wynn,Keinrat,wkeinratf3@baidu.com,F,570-996-4348,3MT5DN2ER44,05/30/2003
545,Eberto,Blint,,M,338-499-5374,4F93C22FY32,
546,,Georgeon,ageorgeonf5@homestead.com,F,695-686-7989,4U62T94KT14,12/12/2010
547,,Lindores,,M,938-453-1216,3FV0R20AF45,11/15/2010
548,Neils,Sergent,nsergentf7@vinaora.com,M,655-928-7031,1HU2D99PG63,
549,Aura,Binton,abintonf8@chron.com,F,335-463-8439,000,03/14/2019
552,Jeffy,Broom,jbroomfb@ebay.co.uk,M,621-442-0495,2YV3F61JP82,02/25/2017
553,Felicity,Matton,,F,962-458-2920,8MF6A83FR87,11/06/2016
554,Joell,Villiers,jvilliersfd@weebly.com,F,273-613-3169,8UE6EJ1CP76,05/10/2005
555,,Nealey,dnealeyfe@youku.com,M,906-677-7282,9JC5EK9QE41,09/13/2007
556,Loralee,Brooksbie,lbrooksbieff@hud.gov,F,579-863-4135,5YH6FQ7JF33,12/18/2020
557,Abbey,Blenkinsop,,F,572-523-2259,8WQ2RW9CH46,02/24/2009
558,Pace,Sondon,psondonfh@joomla.org,M,458-273-6575,1KH4KK1VE74,12/18/2006
559,Aimee,Foldes,,F,247-544-1502,9D78GH4UG05,09/20/2023
561,Arly,Bettridge,abettridgefk@psu.edu,F,325-407-8903,8UW2RW8HP88,05/18/2009
562,Gerry,Troman,,F,431-365-5287,1MC9DW3EP44,
563,Hallsy,Cotte,hcottefm@tiny.cc,M,364-353-3568,000,06/23/2006
564,Stacy,Seymer,,F,772-907-8608,000,10/25/2002
565,Rowena,Feldheim,rfeldheimfo@blogger.com,F,209-433-7719,6YN3CE7PR74,03/12/2002
566,Pris,McLise,pmclisefp@xing.com,F,515-750-8457,6R62QP9HU69,05/16/2007
567,Luther,Lugton,llugtonfq@nba.com,M,419-376-6243,2DW3VE6FJ81,09/08/2011
568,Shaylyn,Okker,sokkerfr@dell.com,F,106-971-6191,7TG9UN4NU79,10/05/2016
569,Cull,Bartot,,M,209-458-5194,6F34PW2WC56,09/16/2000
570,Nickie,Barus,nbarusft@canalblog.com,F,662-128-0080,000,09/18/2016
571,Wyndham,Pilkinton,,M,263-343-7830,3DN5P93WW85,05/12/2013
572,Suki,Kibel,skibelfv@feedburner.com,F,484-430-7626,5N63M72WP08,07/14/2019
573,,Greenough,kgreenoughfw@sakura.ne.jp,M,899-963-0832,000,03/12/2012
575,Antonius,Ludovici,aludovicify@wikimedia.org,M,726-533-6954,5KU0P14DP64,01/05/2007
576,Sylvia,Fould,sfouldfz@blogtalkradio.com,F,122-190-4890,1G98QP7CM43,
578,Reynold,Jako,,M,294-181-7999,5HT3AF0VD82,08/02/2009
579,Noam,Antosch,,M,177-151-4146,8MG8YD9KQ15,01/20/2017
580,Isabeau,Wemm,iwemmg3@freewebs.com,F,336-341-4329,4TC5JD0GV88,08/11/2015
581,Raynor,Skep,,M,683-121-8015,7YG3C71WA79,10/18/2013
582,Gabie,Wigsell,gwigsellg5@tuttocitta.it,F,738-121-4303,4CE4C11XY09,09/01/2004
585,Kris,Kollas,,M,442-638-6133,2N26VN2PC21,05/02/2004
586,Maria,Shatliffe,mshatliffeg9@engadget.com,F,151-492-5950,6UP1D42UA13,06/08/2024
587,Jeffrey,Soutter,jsoutterga@webeden.co.uk,M,220-967-0344,7E33D27AE75,11/12/2007
588,Halette,Doble,hdoblegb@prweb.com,F,351-624-8747,8YV5HJ2KM87,09/25/2011
589,Tyne,Dami,tdamigc@ucoz.com,F,946-175-6900,6F62PJ3UK19,02/07/2002
590,Marcie,Kinkaid,mkinkaidgd@ustream.tv,F,883-353-3777,2G29JV9DM80,03/22/2002
591,Nicky,Faires,nfairesge@sfgate.com,M,752-809-6380,3P46W06KX72,08/12/2019
592,Jena,Garrals,jgarralsgf@ow.ly,F,635-309-6119,8TP1PM7GM08,07/31/2015
593,Karlik,Hagerty,khagertygg@bluehost.com,M,751-190-9458,6J36J43CQ42,04/29/2020
594,Matt,Gronw,mgronwgh@ftc.gov,M,547-364-6002,6U48PW8UY87,12/03/2006
595,Matti,Heaphy,mheaphygi@xinhuanet.com,F,212-535-4163,5PK8A55VG92,10/29/2002
596,Tommie,Nalder,tnaldergj@google.com.br,M,209-322-4211,5DR4TA1KQ74,10/22/2004
597,Ario,Clubley,aclubleygk@wikipedia.org,M,999-843-1710,4M00TD8MW22,04/29/2022
598,Deena,Tarborn,dtarborngl@chron.com,F,898-506-3786,000,02/10/2000
600,Puff,Starcks,pstarcksgn@scientificamerican.com,M,543-534-4083,000,05/12/2010
602,Maridel,Braunds,,F,786-719-1289,000,01/04/2010
603,Andros,Syce,asycegq@fc2.com,M,473-837-4143,8PE4P91JT80,
604,Kakalina,Kellie,kkelliegr@whitehouse.gov,F,113-510-0088,8VX5U42NY07,08/01/2014
605,Lusa,Hylton,lhyltongs@linkedin.com,F,476-704-2464,2DM1G44QK78,01/05/2006
606,Randy,Gomm,rgommgt@rakuten.co.jp,F,997-167-2020,9EE7D28EX69,03/18/2024
607,Aggi,Borris,,F,208-834-1947,9CE8QG5PY06,03/02/2018
608,Skippie,Surpliss,ssurplissgv@paginegialle.it,M,340-529-0810,000,08/29/2016
609,Jeth,Brehault,,M,518-110-7647,000,08/17/2004
610,Leticia,Watterson,,F,935-617-1389,2RF6KV2EY45,08/30/2024
611,Laurence,O'Connell,loconnellgy@si.edu,M,273-813-0554,9P32T64FF90,
612,Blanch,McKmurrie,bmckmurriegz@furl.net,F,865-732-6311,7FU7MG7RC09,12/15/2011
613,Alard,Kapelhof,akapelhofh0@symantec.com,M,785-285-6544,4VK0KG9HF93,05/15/2020
614,Elle,Gogarty,egogartyh1@japanpost.jp,F,667-745-5601,7UQ8K98GM71,02/08/2022
615,Flem,Whitmell,fwhitmellh2@odnoklassniki.ru,M,674-521-5543,000,09/26/2015
616,Donna,Izzard,,F,532-522-8378,7MF6VQ3AU32,07/18/2009
617,Micky,Caswill,,M,508-992-7731,5YK1AW8EM29,03/02/2006
619,Catlee,Fourman,cfourmanh6@tmall.com,F,901-837-8107,1HX3T59HC72,12/30/2020
620,Kipp,Barry,kbarryh7@hostgator.com,M,285-164-5707,7K31G97DE53,11/24/2017
621,Rabi,Humm,rhummh8@youtube.com,M,839-254-1955,5Y75J61KP72,08/24/2006
622,Jeni,Oran,joranh9@4shared.com,F,977-180-4989,8AF6WJ8CQ60,02/19/2012
623,Jeremiah,Gowland,jgowlandha@nydailynews.com,M,670-393-9342,2GP3VM7WF58,09/30/2010
624,Konstance,Pearsey,kpearseyhb@wikispaces.com,F,552-396-3846,6KA4TJ9PV43,
625,Charita,L'Amie,clamiehc@dyndns.org,F,607-727-6203,7NR0UM9FK62,
626,Portie,Pusill,,M,236-990-4887,3G70MH1RV53,08/26/2014
627,Ira,Coxen,icoxenhe@domainmarket.com,M,547-324-7923,5YC1AN1HM37,05/03/2002
628,Ibbie,Falck,,F,187-823-2544,000,04/26/2001
629,Michaeline,Rosoni,mrosonihg@techcrunch.com,F,700-610-5147,9R05F55KC17,11/26/2000
630,,Aizik,aaizikhh@upenn.edu,F,256-741-0776,1W55AJ3EK93,09/21/2019
631,Eudora,Tunnicliff,etunnicliffhi@wordpress.com,F,159-988-4897,6DK2VM5FP96,11/30/2006
632,Fannie,Thomazin,fthomazinhj@angelfire.com,F,919-218-7108,8V40A72WC78,01/27/2023
633,Kimberlyn,Crummay,kcrummayhk@cnet.com,F,453-302-5623,7T34K57WD19,09/06/2023
634,Darrel,Itzik,ditzikhl@miibeian.gov.cn,M,709-426-3883,7VW5U66DH45,02/06/2014
635,Saundra,Doucette,,M,109-540-8268,4J76UH9XE15,05/06/2012
636,Andie,Aiers,aaiershn@arstechnica.com,F,692-958-7890,000,04/23/2015
638,Rickard,Duffie,rduffiehp@usnews.com,M,742-784-5767,6MG5N50RJ07,04/22/2023
639,Maressa,De Mattia,mdemattiahq@stanford.edu,F,679-211-4375,8TT9UT5WM42,05/06/2008
640,Fred,Pioli,fpiolihr@gov.uk,M,933-304-8987,1UE4GC2RR83,12/09/2017
641,Lammond,Trahearn,ltrahearnhs@auda.org.au,M,444-911-4802,6MK1G67VJ51,03/18/2020
642,Steven,Stookes,,M,851-146-1116,8MN2WG1QN18,11/15/2009
643,Sheffy,Turk,sturkhu@ox.ac.uk,M,951-484-3176,7XC9ER5CP22,06/01/2013
644,Christal,Justham,cjusthamhv@theguardian.com,F,575-582-0052,5HM7PP5CV56,08/26/2005
645,Emelda,Guidera,eguiderahw@google.de,F,351-565-5969,4W85VW1NE61,12/27/2015
646,,Tomashov,ftomashovhx@hud.gov,M,711-940-2290,4A81FQ2FG73,12/03/2023
648,Gusta,Eberlein,geberleinhz@seattletimes.com,F,349-268-0937,8QR0NP2XC29,08/23/2001
649,Retha,Costi,rcostii0@nasa.gov,F,533-655-2946,8T30E96UY24,
650,Lev,Balshen,lbalsheni1@goo.ne.jp,M,635-317-8448,7YD0N58JV37,07/22/2009
651,Thornie,Borge,,M,425-825-8839,000,05/07/2023
652,Dena,Corselles,dcorsellesi3@springer.com,F,229-401-3413,2QC6TC7NM94,08/10/2002
654,Andrea,Gronauer,agronaueri5@bing.com,F,753-401-9941,5HR6RE3QP04,12/02/2014
655,Danielle,Blind,dblindi6@google.ru,F,922-654-7750,8X78XW2MA76,11/12/2012
656,Elysha,Canero,ecaneroi7@uiuc.edu,F,633-346-1919,9KF1YQ7PQ94,08/22/2006
657,Raina,Jeannequin,,F,672-339-6544,8WG9QK1AD12,11/13/2020
658,Lin,Klammt,,M,977-541-7427,1FA0QR4WD60,05/22/2024
660,Angelique,Sampey,asampeyib@sitemeter.com,F,140-185-5902,1VF2JW2RE62,07/01/2009
661,Mischa,Tregiddo,mtregiddoic@apache.org,M,873-309-3532,9TH0KW6NP59,07/07/2009
662,Laverne,Davinet,ldavinetid@netlog.com,F,888-527-5453,5X86PV5MQ23,06/02/2021
663,Flinn,Kubat,fkubatie@spotify.com,M,960-801-4289,5YG1HH6UV79,12/29/2012
664,Cristi,Krzysztof,,F,900-246-3188,1HT5UC4QX57,11/17/2000
665,Ugo,Trundler,utrundlerig@hp.com,M,518-714-0950,6UJ1PD1UC70,02/24/2023
666,Roanne,Hayball,rhayballih@bluehost.com,F,102-251-8425,4K58V35YT04,09/30/2023
667,Gabriell,Kybert,gkybertii@odnoklassniki.ru,F,935-874-9505,7P69UM9TT83,11/01/2011
668,Hamel,Jefferies,hjefferiesij@examiner.com,M,961-501-0175,6H82H84YE35,04/01/2004
669,Kevon,Dockreay,kdockreayik@google.de,M,138-460-9144,9DN2VP2TF96,08/08/2010
671,Dougy,Shapcott,dshapcottim@google.it,M,654-408-7619,4CG8NG7UA06,05/05/2008
672,Drugi,Beauchamp,,M,640-185-1626,5D14A85XU74,04/24/2005
673,,Masdin,,M,501-872-8158,4QP1N11DY84,07/02/2022
674,Harry,Cowpland,,M,215-614-4345,2VJ7C65MQ10,01/03/2020
675,Thatch,Semour,tsemouriq@bizjournals.com,M,549-640-6302,000,05/08/2008
677,Alexi,Yeeles,ayeelesis@t-online.de,F,723-374-3026,1NV5FH3JH59,01/15/2007
678,Art,De Mico,ademicoit@devhub.com,M,156-790-5349,1K16KE6CD10,04/28/2024
679,Milicent,Hellyar,mhellyariu@uol.com.br,F,808-735-3081,9JU9QC8WT78,02/07/2008
682,,Lindenman,,F,848-110-5084,3QX4HV6RA15,03/01/2016
684,Elyssa,Gisbye,egisbyeiz@npr.org,F,981-792-0950,9YY8J86RV28,09/23/2024
686,Sissy,Elson,selsonj1@github.com,F,826-989-0572,000,11/14/2009
687,Jacinda,Wyett,jwyettj2@examiner.com,F,793-369-8953,1FV8M68DU26,
688,Tiebold,Abelovitz,,M,385-130-5803,2PK6T86UG38,06/09/2006
689,Meris,Amberger,mambergerj4@china.com.cn,F,215-617-3253,4AE5NV1HP11,08/15/2021
690,Virge,MacLure,vmaclurej5@indiatimes.com,M,837-309-5703,000,11/05/2014
691,Sonni,Blowen,sblowenj6@google.nl,F,470-870-1521,4YJ3AV4EE04,12/07/2019
692,Alecia,Girodon,,F,753-784-3486,8DJ2DE5FA46,04/02/2000
693,Noak,Detheridge,,M,737-764-2404,5FN6PD4GM94,07/06/2013
694,Ringo,Boneham,,M,785-242-6267,3D74GD7EE28,10/06/2015
696,Brennen,Peasee,bpeaseejb@nature.com,M,624-890-3292,5MK0P38YG03,05/16/2005
697,Miranda,Gillham,mgillhamjc@jiathis.com,F,477-448-8704,1KC1DP3GX00,06/17/2004
698,Theresita,Kunrad,tkunradjd@washington.edu,F,813-153-0672,3VY0C49RF53,03/24/2010
699,Arabella,Spellissy,aspellissyje@sohu.com,F,682-323-1317,1W94P94DM43,08/16/2024
700,Galvin,Leinthall,,M,701-418-8709,6FC6WE4XY35,09/10/2006
701,Dido,Haster,dhasterjg@nationalgeographic.com,F,188-328-4112,4YE6XU8UE01,01/16/2018
702,Phylis,Proughten,pproughtenjh@yandex.ru,F,194-504-0692,7C31PG5QM75,11/11/2018
703,Barbey,Cottel,,F,215-873-5274,2PT1GG4PM43,01/15/2000
704,Dionysus,McIver,dmciverjj@blogtalkradio.com,M,594-633-1170,7TV3YQ8DA06,01/20/2005
705,Fulvia,Beetham,fbeethamjk@themeforest.net,F,985-793-6481,5DC2EP7FW25,06/30/2010
706,Chuck,Drewet,cdrewetjl@ucsd.edu,M,312-453-9531,1M34MG7EU23,07/31/2000
707,Clerc,Doddemeede,,M,468-453-1870,9G03MQ0RN15,05/16/2005
708,Ardyce,Gibbe,,F,615-919-0196,5V37UV8NT82,08/14/2006
709,Jefferey,Waine,jwainejo@taobao.com,M,368-354-0490,7EX2EC6HD80,05/22/2013
710,Benson,Delieu,bdelieujp@list-manage.com,M,596-756-6278,5YX2EU0TA72,06/18/2002
711,Gates,Waple,,F,130-863-1277,4VM1NU1JY01,10/21/2014
712,Charmain,Bulloch,,F,640-370-3650,3RA0AP2WT94,
714,Gino,Trewett,gtrewettjt@noaa.gov,M,997-676-1287,4UV5F56NM97,
717,Godiva,Di Biaggi,gdibiaggijw@posterous.com,F,944-655-4635,4YV5YK3TU04,06/28/2021
718,Carmella,Juschke,cjuschkejx@jimdo.com,F,841-322-2373,4V07N00VN15,
719,Lib,Sobczak,lsobczakjy@comsenz.com,F,690-581-3049,2P53VA7YY32,12/11/2021
720,Brandi,Morecombe,bmorecombejz@cam.ac.uk,F,388-462-2762,2FU1PA8WJ02,04/11/2008
721,Galven,Dillestone,gdillestonek0@ameblo.jp,M,410-917-2017,7MR6ME3CX40,10/27/2015
722,Kordula,Lesly,kleslyk1@hostgator.com,F,864-882-5864,2FT1QG2AR07,08/28/2006
723,Charlton,Petrovykh,cpetrovykhk2@wufoo.com,M,637-501-0255,3G81E38DC99,
724,Kelley,Walczak,,F,514-358-9869,8RC0YR2GK83,05/10/2025
725,Jerry,O'Loughane,joloughanek4@bravesites.com,F,585-118-3543,6Y40UJ0MQ40,10/15/2011
726,Gaspar,Barca,,M,123-822-8202,7N26EQ8FP17,12/26/2022
728,Cecily,Heatlie,cheatliek7@blogger.com,F,974-544-3113,8P22C95QM68,
729,Lonnie,Talks,,M,818-271-2641,000,04/12/2002
730,Burr,Heymann,bheymannk9@technorati.com,M,817-366-8290,6K21PV8DH28,11/13/2021
731,Claus,Gadd,cgaddka@china.com.cn,M,786-323-9601,1V93NN5PR33,04/04/2003
733,,Baudasso,mbaudassokc@cbsnews.com,F,347-297-8587,6DA0FJ6AA68,08/06/2000
734,Caralie,Kremer,ckremerkd@imdb.com,F,738-919-9127,6F64GD0MT07,06/24/2005
735,Dennis,Benthall,dbenthallke@chronoengine.com,M,803-786-2901,1MY0VQ5RT94,03/08/2002
736,Abdel,MacCurtain,amaccurtainkf@yandex.ru,M,135-655-3076,7RF7UX5CX76,09/21/2010
737,Randolph,Kobelt,rkobeltkg@princeton.edu,M,405-802-1835,000,02/24/2008
739,Melesa,Littleton,,F,358-886-6242,000,07/22/2018
741,Jackson,Gairdner,jgairdnerkk@theatlantic.com,M,778-449-8074,4HW7D15EX46,12/30/2010
742,,Camock,scamockkl@sourceforge.net,F,240-569-9236,9UM3ET1JY95,01/24/2010
743,Porty,Capstake,pcapstakekm@flavors.me,M,694-761-1796,2GE7CN1HM22,07/15/2014
744,Siusan,Sawtell,,F,335-143-7621,7YA3VA4TW60,08/01/2021
745,Antonietta,Foulger,afoulgerko@usa.gov,F,487-704-7077,000,07/28/2008
746,Sherlocke,Southerden,ssoutherdenkp@exblog.jp,M,286-313-0981,9EP8YX3XA44,
747,Kathlin,Prue,kpruekq@fc2.com,F,651-289-5171,6VE9HR4NN34,09/09/2007
748,Hedda,Erricker,,F,176-339-7590,000,06/06/2022
749,Kissiah,Vizard,,F,385-187-0979,6NP9RX0HN44,10/26/2020
750,Benjamin,Kernar,,M,568-8802,9U31A58VV44,02/15/2016
752,Gretna,Beccera,gbeccerakv@craigslist.org,F,430-334-0663,1UJ7N89FJ73,10/23/2018
753,Morrie,Held,mheldkw@prweb.com,M,152-546-7515,000,02/03/2008
754,,Vreiberg,gvreibergkx@so-net.ne.jp,F,196-358-6754,1DW3U74PF36,03/16/2020
755,Dunc,Scrine,dscrineky@salon.com,M,585-621-1285,4G15W49DQ99,08/26/2022
756,Boothe,Yexley,byexleykz@usda.gov,M,220-307-8101,000,05/22/2019
757,Rosaleen,Balcock,,F,354-121-8046,7T27YD0EC51,07/09/2021
758,Raddy,Gonoude,rgonoudel1@yolasite.com,M,431-522-6823,4NC6UN3UN08,04/06/2015
759,Elenore,deKnevet,edeknevetl2@cyberchimps.com,F,834-145-5769,1T88Y23MW64,08/31/2021
760,Yul,Logie,ylogiel3@tripod.com,M,745-4889,6TF6VJ5NM55,11/04/2017
761,Anastassia,Freire,afreirel4@sourceforge.net,F,817-620-9142,9P25JY9TN45,08/08/2003
762,Krispin,Lindeman,klindemanl5@thetimes.co.uk,M,523-469-9884,9V57XK5DQ99,06/30/2023
763,Jarrett,Baxandall,jbaxandalll6@rambler.ru,M,222-366-7025,000,04/03/2017
764,Eberto,Bellew,ebellewl7@arstechnica.com,M,394-549-0678,3N52VD7JX65,05/07/2018
765,Octavius,Boleyn,,M,890-745-4825,7AH5YW7DY87,07/09/2018
767,Wyatt,Ivanikov,,M,631-527-6928,000,07/27/2003
768,Jaimie,Lamperti,,F,491-962-3380,7NQ8HV0GJ89,
769,Tobin,Crittal,tcrittallc@vinaora.com,M,598-284-2042,4HG1VE8PM85,08/25/2009
770,Marvin,Havik,mhavikld@gnu.org,M,934-673-6711,1C82GE2QV71,07/16/2001
771,Randi,MacArte,,M,555-719-7668,8P21WQ6DQ65,01/02/2009
772,,de Savery,ldesaverylf@friendfeed.com,M,875-784-9363,1GG0MD0RY04,07/27/2023
773,Gertruda,Ierland,gierlandlg@newyorker.com,F,683-266-5020,4D58FE0QR49,12/25/2014
774,Mina,Okroy,,F,283-489-1939,1U55R75KD67,05/16/2016
775,Eugenia,Delicate,edelicateli@a8.net,F,807-130-7320,3MA5G65DW08,05/19/2011
776,Shermie,Julyan,sjulyanlj@technorati.com,M,681-365-2262,6KF7FK7DN80,07/10/2008
777,Mariquilla,Dell Casa,,F,710-930-9367,9QE7C47WD53,08/14/2004
779,Shirley,Cannell,scannelllm@google.de,F,728-173-2401,9J46R03EX42,07/18/2005
780,Vevay,Greensmith,,F,879-964-3133,2KE8RG4JQ98,07/20/2013
781,Prescott,Gallifont,pgallifontlo@fc2.com,M,841-652-0323,1AY5WR7EQ29,03/02/2002
782,Aharon,Fouldes,afouldeslp@salon.com,M,504-362-7469,4NP5EU7RY67,10/02/2016
783,Griffie,Hatchman,ghatchmanlq@theglobeandmail.com,M,142-277-7264,6H14TV5RW71,05/27/2017
784,Alanson,Dobbins,adobbinslr@cam.ac.uk,M,255-764-5165,1FW3U68AY29,03/24/2012
785,Zacharias,Vergine,zverginels@multiply.com,M,824-582-2688,7NP3K49DU07,06/23/2002
786,Aleen,Baptiste,abaptistelt@furl.net,F,803-377-8674,000,
787,Edik,Duggon,,M,772-157-3031,3V02U99MR92,10/04/2016
788,Joceline,Woodard,,F,618-390-4677,8UD2D31EC90,
789,,Goudge,,F,972-862-2701,3GQ2H18TR90,
790,Honor,Pauler,,F,858-558-6000,5KJ9GC9RT79,02/13/2023
791,Auroora,Angel,aangelly@google.ca,F,365-797-8219,000,07/05/2016
792,,Bagguley,sbagguleylz@dell.com,M,546-392-0919,2RW4MA4CN04,12/10/2019
793,,Hudspith,khudspithm0@scientificamerican.com,F,156-461-3916,5TT4W47JR76,07/02/2001
794,Tammy,Detloff,tdetloffm1@nationalgeographic.com,M,316-590-2755,8F24UK8AV08,02/24/2021
795,Aggy,Connell,aconnellm2@archive.org,F,518-708-8104,1TY4M88FP26,01/25/2006
796,Carley,Davidsen,cdavidsenm3@dion.ne.jp,F,918-483-6237,5UF1PC8RT76,
797,Dulcie,Laurenson,,F,781-950-1738,6FW3M73KV92,07/08/2000
798,Morty,Adanez,,M,574-921-8151,3UK0R77FK55,08/22/2019
799,Fransisco,Glover,fgloverm6@fotki.com,M,176-933-3226,9K79R13AU16,06/28/2025
800,Darcy,Fiveash,,M,372-132-1891,4GW0RJ9UV13,08/01/2010
801,Saxon,Nelthorp,snelthorpm8@bigcartel.com,M,335-565-2151,8F15Q82GM55,06/15/2019
803,Callida,Defty,cdeftyma@dmoz.org,F,434-306-9544,2YR9JP6QA77,03/04/2004
805,Meaghan,Raymen,mraymenmc@vimeo.com,F,212-296-7157,2GE7VT4UQ62,10/15/2011
807,Livvyy,Jacobovitz,,F,888-818-5939,6PP8A14KD66,04/05/2015
808,Bryant,Antram,,M,161-703-6074,9Y55YE7AN16,08/20/2022
809,Aguste,Straw,astrawmg@google.co.uk,M,293-979-5106,8UN9CP0MT52,07/26/2005
810,Hy,Bartel,hbartelmh@comsenz.com,M,653-155-9886,1M35NY8TN45,07/05/2020
811,Elysee,Subhan,esubhanmi@google.co.jp,F,499-618-6184,6M29YQ3QY86,06/13/2016
812,Gabe,Winckle,,M,188-910-7589,8HY1VV3CA67,10/08/2017
813,Jamil,Kasher,jkashermk@wikipedia.org,M,350-380-2957,4H33DN1UW42,05/02/2014
814,Angelina,Pritchard,apritchardml@icio.us,F,927-186-6747,6AD1J33YU24,04/24/2003
815,Jeffry,Kettel,jkettelmm@bluehost.com,M,426-624-8087,000,06/13/2022
817,Isacco,Fuzzey,ifuzzeymo@dedecms.com,M,195-807-5995,6W75VR2XF38,06/26/2023
818,Tuesday,Whapham,twhaphammp@chron.com,F,318-650-3030,6X72XW0KY92,06/08/2020
819,Lowell,Sodory,lsodorymq@cargocollective.com,M,484-185-3933,9WK5XA0FE08,03/20/2009
820,Erny,Scimoni,escimonimr@unc.edu,M,779-188-6210,7P82WK1CW17,01/31/2024
821,Gilly,Caldow,gcaldowms@constantcontact.com,F,881-498-9945,8KM3P55NF41,03/23/2022
822,Derril,Prose,dprosemt@mapquest.com,M,625-769-8374,2DQ5WJ0KF42,
823,Mora,Huckett,mhuckettmu@people.com.cn,F,207-858-3822,3RX6JR2YE80,
824,Kimberlee,Reyes,,F,754-202-6457,8AV6AK0RM89,01/01/2010
825,Becki,Muffin,bmuffinmw@friendfeed.com,F,293-911-1965,5K79J28YJ69,02/14/2024
826,Gusella,Kelinge,gkelingemx@printfriendly.com,F,146-774-0181,6PA0FN7PX12,07/20/2012
827,Lark,MacKissack,lmackissackmy@gnu.org,F,172-493-2371,3MG6CQ5EY42,11/01/2007
828,Colet,Kyngdon,ckyngdonmz@multiply.com,M,652-454-4903,1M29MA1KM61,04/26/2024
830,Mahmoud,Berntsson,mberntssonn1@nba.com,M,704-807-1187,7U47CM9JA02,07/22/2023
831,Scot,Mulhill,,M,400-839-3044,8UR7VF8KM55,04/22/2006
833,Clio,Cato,ccaton4@jiathis.com,F,286-470-3740,000,11/06/2022
834,Nicol,Wilsher,,M,706-478-5407,5RA1AU5PE38,03/30/2003
835,Ulrich,Firman,ufirmann6@hhs.gov,M,385-174-0837,9HA6F46TC12,09/17/2007
836,Mahala,Limrick,mlimrickn7@usatoday.com,F,111-292-5616,5EY9K56CH41,06/28/2012
842,Shayne,Lorryman,slorrymannd@ezinearticles.com,F,806-519-6150,4RN5YT0CU69,
843,Mimi,Atwill,matwillne@tinyurl.com,F,529-644-3549,000,12/11/2006
844,Alejoa,Knaggs,aknaggsnf@sina.com.cn,M,312-773-3341,4MN4H35AE32,05/05/2014
845,Ulrikaumeko,Barkes,ubarkesng@shop-pro.jp,F,667-289-3309,3R72TC9WQ34,09/09/2019
846,Paten,Matuszak,pmatuszaknh@amazonaws.com,M,791-941-4006,2DW9X27NR18,10/13/2008
847,Yurik,Mossom,,M,367-930-5655,7D79XY0UR53,02/03/2013
848,Heidi,Fattorini,hfattorininj@springer.com,F,903-692-3738,5PX7MU8TU88,
850,Jerrilee,Derill,jderillnl@java.com,F,113-952-8638,8NR0H20WM10,08/21/2016
851,Dannie,Swinley,dswinleynm@tuttocitta.it,F,761-124-0258,000,07/06/2000
852,Bella,Ebbitt,bebbittnn@ca.gov,F,526-128-2046,6E65UM4CR82,05/01/2001
853,Stefan,Haggerty,,M,938-140-6459,4U71W96DP65,04/16/2001
854,Daren,Ackred,dackrednp@squidoo.com,M,192-525-9900,000,08/07/2016
855,,Zannolli,jzannollinq@amazon.co.jp,F,309-741-2851,000,
859,Perla,Forward,pforwardnu@photobucket.com,F,856-769-2914,5A80G83JU99,04/15/2005
861,Ransell,Swatheridge,rswatheridgenw@europa.eu,M,828-425-6730,2X97TM5WT92,06/18/2023
862,Ivar,Taber,itabernx@rediff.com,M,772-585-1273,000,12/24/2001
863,Randell,McCheyne,rmccheyneny@salon.com,M,392-589-9625,3YQ4TC5TA15,05/31/2007
864,Sean,Tilsley,stilsleynz@guardian.co.uk,F,875-131-2575,1VW8E71XA20,
865,Harli,Pettiford,hpettifordo0@nsw.gov.au,F,449-214-3227,000,10/11/2000
866,Rosaline,Stabbins,,F,731-902-6867,000,12/30/2004
868,Weidar,Cussen,,M,149-697-2364,9NN7UK5HY58,
869,Jeanna,Castel,jcastelo4@vinaora.com,F,796-789-5024,6VK8KK9XA88,12/17/2009
872,Aleen,Leidecker,aleideckero7@fda.gov,F,743-678-4660,8F87MC9XC23,
873,Gage,Rotge,grotgeo8@naver.com,M,123-912-2543,5E34F59CF78,12/15/2004
874,Gilbert,de Villier,gdevilliero9@wix.com,M,197-981-0997,6PW8XN7UD87,07/30/2009
875,Dorri,D'Antuoni,,F,147-831-8768,3U85FR3AN57,
876,Talyah,Kinsey,tkinseyob@tinyurl.com,F,780-415-3333,8V45G61HX84,
877,Stanley,Knok,,M,272-176-2013,7DR2FX4YE09,08/23/2016
878,Marie-jeanne,Beirne,,F,114-129-0388,6K00P97TP11,05/16/2018
879,Hymie,Giacomo,hgiacomooe@dailymail.co.uk,M,824-844-2678,4T36QH7YN47,06/27/2006
881,Janessa,Ilbert,,F,270-558-0909,5JP3EC1FJ14,09/22/2002
882,Catharina,Yosifov,cyosifovoh@shinystat.com,F,813-998-3180,000,06/21/2003
883,Werner,Hellcat,,M,890-404-9090,1X43TD0EM94,12/18/2014
884,Brock,McClelland,bmcclellandoj@amazon.co.jp,M,761-956-7384,4KW8N43RF00,
885,Godiva,Farleigh,gfarleighok@reddit.com,F,569-535-9521,7V86C73PP20,05/12/2008
887,Ezmeralda,Cussons,,F,745-674-9715,4P40N68XW39,01/18/2016
888,,Cattle,mcattleon@dagondesign.com,F,656-738-7368,6W43C77JU42,07/21/2010
889,Whitney,Oliff,woliffoo@auda.org.au,M,626-319-8620,6MN0WF1DU53,
890,Valentino,Moakson,vmoaksonop@aol.com,M,528-463-7930,000,07/11/2007
891,Auroora,MacNaughton,amacnaughtonoq@auda.org.au,F,244-528-5719,8GX2J53XP63,01/20/2012
892,Jarrad,Linthead,jlintheador@dailymail.co.uk,M,526-769-9562,4XP1GT3RQ31,01/17/2016
893,Norrie,Dayce,,M,112-317-8996,6QQ3DX9NC88,08/08/2008
894,Amil,Beswetherick,abeswetherickot@github.io,F,705-848-1623,8KK7MW4FM89,
895,Mandie,Bohl,mbohlou@wordpress.org,F,877-485-7464,8X57XG8YR13,
896,,Brushneen,pbrushneenov@guardian.co.uk,M,949-811-4140,9A27TM5AM81,09/09/2003
897,,Roskell,kroskellow@blogspot.com,M,878-433-0163,000,10/20/2002
898,Rozalie,Dishmon,rdishmonox@china.com.cn,F,879-907-0843,9XC4DG5HF94,12/28/2013
899,Minerva,Birdfield,mbirdfieldoy@adobe.com,F,826-295-0140,9P25HW6RF10,03/07/2000
903,Barnabe,Jirus,,M,753-834-1223,9VK9CC6QX66,
904,Baxie,Redholes,bredholesp3@businesswire.com,M,228-551-7747,8X50PK9WW22,09/02/2014
905,Rowland,Cammidge,rcammidgep4@foxnews.com,M,211-502-9708,7TR5WE8XP40,01/17/2016
906,Hollie,Wisher,hwisherp5@de.vu,F,629-859-7115,5RA8T10TF74,04/30/2019
907,Theodore,Jeaneau,,M,141-210-4978,8GT3Q50XD93,07/28/2016
908,Kathryne,Dobey,kdobeyp7@photobucket.com,F,454-327-5108,4FV6PC0DP91,10/13/2006
909,Lisabeth,Martinat,lmartinatp8@creativecommons.org,F,265-553-5152,1YC1Y37TQ66,01/05/2003
910,Auberon,Simonato,asimonatop9@aboutads.info,M,112-654-3529,7F89RE3WQ72,08/21/2021
911,Neilla,Rowesby,nrowesbypa@yolasite.com,F,261-165-1981,9FC7K72MA65,05/31/2024
912,Jo,Boich,jboichpb@wunderground.com,F,348-335-1903,000,
913,Lannie,Bilney,lbilneypc@yellowbook.com,M,453-396-3560,1PU4VV8YJ90,01/06/2007
914,Cobby,Proom,cproompd@e-recht24.de,M,336-741-6112,7CW5FP9KC41,02/15/2022
915,Karlyn,Maria,,F,168-409-6518,1HM7J97KP72,06/20/2006
916,Benjy,Sinnott,bsinnottpf@tinyurl.com,M,209-486-8182,9VE2VJ8EY19,04/08/2007
917,Max,Sandaver,msandaverpg@ocn.ne.jp,F,370-232-7454,4NC1F42MU17,07/24/2006
918,Aldo,Swaile,aswaileph@hatena.ne.jp,M,907-923-1475,1CD3JJ6XG47,
919,Irena,Lassen,ilassenpi@cisco.com,F,992-663-6080,5EU1Q34UW36,12/29/2000
920,Jeremias,Shiers,jshierspj@hubpages.com,M,962-978-8064,4KM9J66VU48,07/01/2000
921,Danyette,Cleary,,F,301-735-7851,4W78HW5YD34,11/05/2013
922,,Piggens,apiggenspl@surveymonkey.com,M,375-966-0068,9WQ8DJ2FC38,01/02/2011
923,Darell,Kinman,,F,730-438-6979,9TE8WX0DE08,
924,Adelheid,Furzer,afurzerpn@newsvine.com,F,771-969-5356,1QC6X05DF35,
925,Blinny,Cohane,,F,831-526-7205,6H60VW2UD91,06/19/2007
926,Hogan,Sadd,hsaddpp@skype.com,M,295-862-2230,5U20YG2VT80,11/29/2016
928,Edwin,Bremmer,ebremmerpr@comcast.net,M,158-859-5709,9U53DU8PY70,05/04/2017
929,Ervin,Skett,,M,574-349-3817,000,08/27/2014
930,Skippie,Brosnan,sbrosnanpt@godaddy.com,M,847-400-1346,5TP4AG4TM84,07/20/2022
932,Alie,Cranfield,acranfieldpv@ucsd.edu,F,992-653-1497,9AX6DX4NT84,12/30/2001
933,Merla,Goghin,mgoghinpw@ifeng.com,F,559-222-3486,000,07/03/2011
934,Ilka,Bindin,ibindinpx@pen.io,F,661-952-0680,000,06/21/2000
935,Gran,Kepling,gkeplingpy@jiathis.com,M,256-743-1130,1D65QR3DW92,07/16/2016
936,Vassily,Fforde,vffordepz@webnode.com,M,864-155-9032,8VT7K84NP71,06/09/2004
937,Stephanus,Hainey`,,M,653-113-6688,5UY9Q20TR11,09/30/2004
938,Milicent,Waistall,,F,125-712-3368,6AK3VN7MT61,03/20/2025
939,Hermy,Crighton,,M,249-894-0391,5U64P47RE21,06/03/2020
940,Robinette,Churchlow,rchurchlowq3@ucoz.ru,F,835-501-5077,000,10/15/2024
941,Patrick,Shaudfurth,pshaudfurthq4@eepurl.com,M,224-979-4641,5NM0JQ0XC05,10/06/2012
942,Mathe,Fairman,mfairmanq5@parallels.com,M,267-530-8108,3GQ4QE2MG47,11/08/2021
943,Kevina,Phaup,kphaupq6@earthlink.net,F,625-446-5376,9VR8G33VQ54,10/31/2009
944,Batsheva,Burdett,,F,768-720-2698,5XR4VF7XG26,07/02/2023
945,Lulu,McGannon,lmcgannonq8@altervista.org,F,993-351-1740,8AT8FW8UF43,02/01/2018
946,,Bedberry,nbedberryq9@google.com,M,273-347-4894,2XP2AE5VD62,04/10/2008
947,Tull,Chaperlin,tchaperlinqa@infoseek.co.jp,M,716-936-5358,3HU0MW6TJ53,07/09/2005
948,Vivianne,Minkin,vminkinqb@statcounter.com,F,916-365-8733,5F11XH1NH63,08/08/2010
950,Henriette,Fowlds,hfowldsqd@t-online.de,F,300-335-3836,000,10/25/2020
951,Currie,Vynehall,,M,543-447-7624,8AY9HK5FE16,12/05/2017
952,Milly,Egentan,,F,794-172-0007,2R17H90JF81,11/18/2006
953,Marshal,Hebbard,mhebbardqg@forbes.com,M,382-613-1831,3UW6C54DG52,02/28/2017
954,Viva,Checkley,,F,544-890-9535,2D39YJ9UJ70,05/04/2006
955,Antoinette,Oluwatoyin,,F,241-723-4551,2H26YH0EC05,01/21/2002
956,Muffin,Ellingworth,,M,808-222-6001,4PD8XC1FA60,
957,Jillana,Dumblton,jdumbltonqk@hubpages.com,F,659-939-5584,000,
958,Patrizio,Vynarde,,M,899-878-5684,8NY1RW4HV05,02/04/2019
959,Dougy,McNirlan,dmcnirlanqm@mac.com,M,881-168-9697,000,02/20/2009
961,Filip,Stienton,fstientonqo@scribd.com,M,866-595-3405,5PE1GX3FU62,11/28/2012
962,Dosi,Meiner,dmeinerqp@hp.com,F,278-792-1501,1PK1VN7NH34,05/10/2011
963,Sherrie,Wackly,swacklyqq@yahoo.com,F,227-163-1734,3P16A72NW52,02/02/2018
964,Nikolai,Curdell,ncurdellqr@google.fr,M,270-868-6969,2V95QK4KC54,09/10/2012
965,Allyn,Coonihan,acoonihanqs@buzzfeed.com,M,110-327-4354,3QV3HP4TJ83,07/03/2012
966,Chelsae,Skeat,cskeatqt@1688.com,F,606-614-0133,2G14MW0VH55,09/30/2005
967,Rubetta,Bea,rbeaqu@nasa.gov,F,310-844-5793,4AK0EV8UK97,12/03/2004
969,Jacki,Shovelton,jshoveltonqw@skype.com,F,876-642-3557,6M97K50AD90,11/18/2010
970,Rycca,Werlock,,F,138-314-3752,000,11/08/2018
972,Tremaine,Tash,ttashqz@msn.com,M,438-787-4933,000,01/03/2005
973,Dehlia,Dennerly,ddennerlyr0@google.fr,F,276-394-1896,000,12/30/2015
974,Colline,Pawlik,cpawlikr1@wsj.com,F,140-941-8879,6UC5EY9AU88,
975,Paten,Ellingham,pellinghamr2@fda.gov,M,503-759-9404,1MQ8EJ5CT98,09/29/2013
976,Margret,Tassell,mtassellr3@meetup.com,F,847-391-5953,8CD5PU6UR56,02/08/2023
977,Cesare,Dingwall,cdingwallr4@nyu.edu,M,630-668-6310,000,
978,Wilone,Darrigrand,,F,643-886-9618,3RN2VM5EJ10,07/03/2001
980,Billy,Chiechio,bchiechior7@yahoo.com,F,734-777-2545,3XC4J42KM68,05/21/2011
981,Zebedee,Bessom,,M,270-303-7598,5AU1HQ7UA79,03/25/2007
982,Luise,Fasson,lfassonr9@nydailynews.com,F,633-281-8328,3Y48YG5NY33,11/27/2019
983,Kellyann,Bridle,kbridlera@photobucket.com,F,842-849-5201,9GU3EG7DD29,
984,,Danat,cdanatrb@ehow.com,F,798-523-6155,6AG7KY8MP87,07/10/2024
985,Vassili,Dilston,,M,194-315-9152,2H33YU7UV82,02/21/2011
986,Magdalene,Leggatt,,F,480-720-5969,000,03/05/2000
987,Gabi,Skillett,gskillettre@dailymotion.com,F,295-406-7610,7KC0UH8NU,09/28/2017
988,Pavlov,Normanvill,pnormanvillrf@aboutads.info,M,665-185-4735,6MV7WG3PG57,12/22/2021
989,Allison,Hardinge,ahardingerg@blogspot.com,F,685-897-6307,3N02N91XA84,
990,Davidson,Jays,,M,394-260-0846,6VC8V95PE91,05/06/2016
992,Amity,Bumpas,abumpasrj@mapy.cz,F,308-108-5302,000,04/16/2012
993,Lindsay,Matussevich,,M,148-557-7507,2YK5C44RY49,08/25/2024
994,Artur,Ramard,aramardrl@ucsd.edu,M,183-637-0728,2M43MW0HD03,11/22/2000
995,Jose,Vallintine,jvallintinerm@devhub.com,M,698-468-2927,000,01/09/2012
996,Payton,Melmeth,pmelmethrn@wunderground.com,M,868-381-3779,000,09/09/2005
997,Rollie,Milsom,rmilsomro@usa.gov,M,234-8545,2X35NX4VC58,
999,Vania,Cecil,vcecilrq@bizjournals.com,F,811-965-1391,8HJ1XE9WV07,09/10/2013
1000,Claudie,Pedican,,F,506-536-5430,2P29QD0AN44,12/30/2000
