id,first_name,last_name,email,gender,phone_number,account,date_created
1,Fletcher,Rivelon,,M,,000,
12,Christalle,Bouette,,F,,6VK7XH6NU14,08/06/2013
28,Zita,Deas,zdeasr@wired.com,F,,2UT8Y85KG92,04/28/2001
33,Pierce,Hugland,phuglandw@hhs.gov,M,,3Q49NK5XR21,11/20/2023
34,Daron,Patton,dpattonx@virginia.edu,F,,2FK2P21VR01,07/06/2011
40,Krisha,Budcock,kbudcock13@edublogs.org,M,,2CP7C70KF44,01/31/2012
41,,Camden,kcamden14@princeton.edu,M,,2V22YK1QH14,06/12/2021
53,Nixie,Durrand,,F,,9PC6QD9CV80,02/22/2006
56,Valerye,Hunnybun,,F,,000,04/02/2017
57,Bartholomeo,Normanton,bnormanton1k@mapquest.com,M,,000,06/10/2001
59,Claudian,Coode,ccoode1m@senate.gov,M,,000,11/14/2010
60,Freeman,Somerscales,fsomerscales1n@wordpress.com,M,,9R32WN0FY60,02/01/2001
62,Sinclare,Humphrey,,M,,5XC3NJ3UW99,02/09/2006
67,Morena,Jowling,mjowling1u@freewebs.com,F,,000,10/31/2017
69,Sherlocke,Skully,sskully1w@sciencedaily.com,M,,9R31XE9TM71,08/10/2010
76,Lucille,Roja,,F,,000,04/19/2011
101,Lacie,Duggan,lduggan2s@hugedomains.com,F,,4JH5TG0PN03,04/17/2015
105,Carling,Tolomelli,ctolomelli2w@scientificamerican.com,M,,6JQ5WV5CU45,
110,,Steel,gsteel31@icio.us,F,,5PN4VJ6PK17,10/09/2010
115,Eugenia,Havis,,F,,2GX8GE5KY42,09/13/2014
128,Maurise,Dufton,mdufton3j@github.com,F,,6RT5HY6QP75,11/03/2000
137,Terrance,Varran,,M,,4C99FQ8WD11,01/25/2019
162,Trish,Langran,,F,,9Q62TX2KE50,09/01/2022
164,Delcine,Holstein,dholstein4j@nba.com,F,,5VM0PE4QR47,
174,Crawford,Romaine,cromaine4t@hubpages.com,M,,3EA3KA5RJ83,07/05/2019
180,Kevan,Tiffin,ktiffin4z@joomla.org,M,,4T21WF9JF03,05/01/2010
182,Lorene,Cortin,lcortin51@who.int,F,,1FN8PN8RW48,09/04/2024
183,Babara,Henrichsen,,F,,1A16AC4WX59,04/28/2023
190,Mattias,Trayte,mtrayte59@theglobeandmail.com,M,,1M85AK9MX22,11/18/2011
191,Boone,Hamblington,bhamblington5a@hao123.com,M,,1Y85KN9YW77,05/16/2008
194,,Risman,trisman5d@123-reg.co.uk,M,,000,07/17/2019
198,Audrie,Goundry,agoundry5h@omniture.com,F,,2GC8QE2VJ28,01/25/2016
201,Charissa,Grimsdike,cgrimsdike5k@biblegateway.com,F,,9EG6QH9QR74,
205,Harbert,Berger,hberger5o@biblegateway.com,M,,5RV3MX9JD34,
215,,Gorsse,cgorsse5y@tumblr.com,M,,3XV1Y89UH22,02/11/2023
216,Ingeberg,MacAnelley,imacanelley5z@ning.com,F,,9FY1GJ7MJ31,09/28/2014
220,Judith,Tidbold,jtidbold63@squidoo.com,F,,6HX9WE9CY69,03/02/2008
228,Kelsi,Egdal,kegdal6b@toplist.cz,F,,6PR6VV8AM10,
232,Hammad,Christauffour,hchristauffour6f@sbwire.com,M,,8CC2YX2AM79,08/26/2005
236,,Johncey,gjohncey6j@tamu.edu,M,,6MA7WK7MM42,02/12/2006
238,,Storkes,mstorkes6l@360.cn,F,,4HP8GQ8DK47,03/06/2011
240,Hazlett,Sedgefield,hsedgefield6n@bing.com,M,,2TM9XF3EF48,04/01/2004
250,Mellisent,Faier,,F,,1J88RW3QG95,08/03/2015
251,,Megarry,cmegarry6y@squidoo.com,M,,8AJ6CM4ER19,02/11/2015
254,Verge,Prator,vprator71@uiuc.edu,M,,8WK4GR3FR87,07/28/2014
256,Joleen,Peartree,jpeartree73@wordpress.com,F,,6YY7CV7HR86,02/02/2021
259,Ingrim,Prayer,iprayer76@europa.eu,M,,000,06/02/2019
260,Vernen,Kennealy,vkennealy77@scientificamerican.com,M,,000,09/28/2013
270,Delmore,Makepeace,dmakepeace7h@cisco.com,M,,3CN5KM7TE06,10/06/2009
272,Jethro,Crichton,,M,,000,05/23/2008
274,Danna,Longhorne,dlonghorne7l@un.org,F,,7JM8YP1VF53,09/06/2006
275,Mic,Seivwright,mseivwright7m@gravatar.com,M,,2W80GN6PE30,09/10/2010
277,Cull,Boick,cboick7o@sun.com,M,,8H47YQ8QE75,03/06/2018
284,Harald,Pyper,,M,,000,05/06/2006
288,Randal,Exer,rexer7z@google.co.uk,M,,6C42H76MM30,
291,Jemmy,Jorin,jjorin82@arizona.edu,F,,8Q85E53MR91,11/07/2012
293,,Double,gdouble84@e-recht24.de,M,,3T52GH0UG37,
299,Goober,Scowcroft,gscowcroft8a@utexas.edu,M,,8QQ3ER1MM10,08/31/2019
307,,Gommes,agommes8i@amazon.de,F,,8C83PY2XX61,06/25/2007
312,Salvidor,Van der Daal,,M,,4MK7KV0GQ97,12/24/2014
324,Oralie,Wilshin,,F,,2DV4JE5VH51,11/23/2019
329,,Danilovitch,edanilovitch94@furl.net,F,,6EX3F48CY89,10/02/2014
352,Aprilette,Aish,aaish9r@slideshare.net,F,,2X83H25FN68,03/27/2024
360,Matthiew,Bonass,mbonass9z@soundcloud.com,M,,3YM7XD4XW90,
365,Cynthia,Sokill,csokilla4@live.com,F,,1XH1K41JX16,09/30/2024
374,Jaime,Macy,jmacyad@eepurl.com,M,,000,07/18/2017
407,Rodge,Boakes,rboakesba@histats.com,M,,7TN3F82JV94,07/29/2017
409,Freemon,Brotherheed,,M,,9HT0M35EC76,07/02/2001
410,Happy,Mulgrew,,F,,6C47MK1PT80,03/15/2019
420,Waylen,Hathaway,whathawaybn@phoca.cz,M,,2FN3M72CA12,08/05/2012
422,Catina,Phillpotts,cphillpottsbp@sciencedaily.com,F,,8D91DF4YQ23,07/31/2005
429,Grange,Renneke,grennekebw@feedburner.com,M,,000,02/26/2008
444,Cherida,Jagielski,cjagielskicb@loc.gov,F,,6U20AP3DD91,09/27/2010
451,Yul,Beverage,ybeverageci@multiply.com,M,,2XT8DC2KF19,
456,Christoper,Morgan,cmorgancn@weebly.com,M,,2N20WG1AG33,08/07/2006
457,,McKilroe,cmckilroeco@yelp.com,M,,6D41R71XA80,
465,,Paling,apalingcw@unc.edu,M,,1A20GR1QV76,05/07/2003
485,Marcile,Venditti,,F,,8UC8D53YH07,
494,Arabella,Broadfield,,F,,7XV6QQ2GT27,09/07/2016
507,Aurore,Yegorev,ayegoreve2@opera.com,F,,6MY2TM2KX70,03/17/2001
526,Gregoire,Keming,gkemingel@state.tx.us,M,,000,07/16/2021
530,,Crunden,jcrundenep@sciencedaily.com,M,,3N55AT3RE11,11/01/2003
531,Hayyim,Munt,hmunteq@imdb.com,M,,3FK4R10QN16,03/12/2002
537,Loydie,McFaul,,M,,8QR3QN3QC25,08/01/2017
550,Maressa,Pettingill,mpettingillf9@dropbox.com,F,,3A23CK4EW78,12/07/2017
551,Javier,Fattorini,,M,,1D81VU3XK47,08/02/2007
560,Allis,Boost,aboostfj@about.com,F,,1X17NW2AE21,04/12/2007
574,Augustus,Stickland,,M,,000,
577,Allene,Mustill,amustillg0@abc.net.au,F,,000,05/29/2003
583,Lilllie,Kernermann,,F,,4E47K13YY08,12/07/2014
584,Sada,Beckerleg,sbeckerlegg7@apache.org,F,,3H68HU1UN79,04/01/2005
599,,Filipyev,wfilipyevgm@mapy.cz,M,,5F29WH8FQ06,
601,Betsy,McQuarrie,,F,,5WC9A82QW94,05/06/2004
618,Sterling,Hateley,shateleyh5@plala.or.jp,M,,000,08/05/2022
637,Portia,Knatt,pknattho@vinaora.com,F,,1MA8WV9CJ32,12/31/2009
647,,Shurmore,dshurmorehy@ucoz.ru,F,,3C59CM3CY38,04/03/2005
653,Franny,Dowtry,,M,,4R16HD8MY39,06/22/2005
659,Layne,Eyton,leytonia@livejournal.com,F,,2PY8XK9JJ35,04/12/2021
670,Corilla,Lomb,,F,,9DX5PV1AD95,06/28/2005
676,,Pactat,mpactatir@sbwire.com,F,,4KC2GH4GW43,09/02/2009
680,Zilvia,Goulthorp,zgoulthorpiv@prlog.org,F,,3KA4WA7AE85,07/28/2002
681,Agosto,Peepall,apeepalliw@tmall.com,M,,9A42MK2GU16,01/12/2010
683,Eldridge,Claessens,eclaessensiy@simplemachines.org,M,,3TE5VJ7XY81,05/07/2022
685,Trixy,Robertet,trobertetj0@discovery.com,F,,7TV9WA0FM67,02/25/2007
695,Melissa,Bresson,,F,,6DP2J92GH06,03/16/2014
713,Ranique,Capinetti,rcapinettijs@tumblr.com,F,,4AY1XC9WN25,03/18/2013
715,Myrah,Warrell,mwarrellju@cornell.edu,F,,4JU0EG3DC09,07/10/2001
716,Izaak,Heddan,,M,,9N25A02UF95,04/18/2022
727,Cordy,Gamblin,cgamblink6@ask.com,M,,7CF7Y07HC63,08/06/2005
732,Lonna,Georges,lgeorgeskb@google.fr,F,,1EY0T33FW57,
738,Molly,Alcock,,F,,6J77M77XP91,01/09/2001
740,Brennan,Glenny,bglennykj@google.co.jp,M,,2PV7EG7CR06,10/23/2012
751,Taryn,Windebank,twindebankku@senate.gov,F,,3F54TH0QH21,11/20/2024
766,Simeon,Greenlies,sgreenliesl9@nasa.gov,M,,4QV9VE4RW94,
778,Dollie,Jorissen,djorissenll@buzzfeed.com,F,,7GY1KC7KM86,08/14/2021
802,Garnet,Calderon,,F,,2H53P48RJ72,12/18/2003
804,Jerrine,Duester,,F,,000,
806,Gilemette,Burborough,gburboroughmd@fema.gov,F,,5N27Y32EQ85,05/23/2011
816,Susy,Nicholson,snicholsonmn@europa.eu,F,,2YN5T87GV72,10/30/2016
829,Daron,Scartifield,dscartifieldn0@auda.org.au,M,,7KM0R71KH31,01/25/2013
832,Paddy,Klewer,,M,,6HC2PT2YG61,
837,Augy,Setter,,M,,7HE5DW2PK07,11/08/2007
838,Shelby,Calloway,,M,,6A09PA2YQ97,12/19/2022
839,Timmy,Galloway,tgallowayna@bbb.org,F,,5RK7M64MY02,01/13/2005
840,Lemuel,Geekie,lgeekienb@bloglovin.com,M,,000,06/09/2021
841,Ruttger,Denman,rdenmannc@artisteer.com,M,,5UY9NQ1WD09,02/26/2015
849,Ryon,Gobeau,rgobeaunk@bandcamp.com,M,,5EY2P85FA64,11/04/2011
856,Aura,Stubley,,F,,1PG3RE4KA24,02/17/2010
857,Wilhelmine,Canete,wcanetens@ucsd.edu,F,,6NJ6DP3PF29,12/08/2014
858,Gris,Shorton,gshortonnt@toplist.cz,M,,3WA6G12YU74,12/27/2015
860,Rouvin,Handyside,rhandysidenv@jigsy.com,M,,1NF6PU1JY87,
867,Tod,Jacklings,tjacklingso2@imdb.com,M,,000,09/25/2015
870,Cammy,Seedhouse,cseedhouseo5@scribd.com,F,,6R06WP3KP64,04/28/2024
871,Ailey,Ridings,,F,,6DE1TK5RH26,04/24/2012
880,Libby,Kettlestringe,,F,,000,03/25/2021
886,Thatcher,McColm,,M,,8JN9N86HP79,
900,Jillie,Fuchs,jfuchsoz@salon.com,F,,3M44PC3RK72,05/11/2001
901,Estelle,Aylin,eaylinp0@shareasale.com,F,,3EV3KC1YN73,12/18/2009
902,Juliann,Deller,,F,,3E06NG3PF96,11/01/2011
927,Antoni,Chese,achesepq@ftc.gov,M,,4E36KH3EE07,04/16/2012
931,Vernon,Eady,veadypu@cnet.com,M,,5Q49UG9YV85,
949,Elias,Seeviour,,M,,4QH6GN5CN15,12/21/2012
960,Merill,Gray,mgrayqn@angelfire.com,M,,8R69ET5VR82,09/06/2017
968,Dyana,Brister,,F,,000,12/18/2018
971,Rahel,Garlick,rgarlickqy@php.net,F,,7P68A69FQ46,02/26/2016
979,Padraic,Linn,plinnr6@mac.com,M,,3KT5FF6GY94,10/31/2023
991,Domenico,Instrell,dinstrellri@army.mil,M,,3GH2DK1MP51,03/13/2008
998,,Jerrard,ojerrardrp@quantcast.com,F,,5CT6G13YP90,08/21/2017
